Protein,Sequence,,,,Uniprot,Uniprot_seq,location,N_terminal,C_terminal,length,terminal
A1LCD,GSMASASSSQRGRSGSGNFGGGRGGGFGGNDNFGRGGNFSGRGGFGGSRGGGGYGGSGDGYNGFGNDGSNFGGGGSYNDFGNYNNQSSNFGPMKGGNFGGRSSGPYGGGGQYFAKPRNQGGYGGSSSSSSYGSGRRF,,,,P09651,MSKSESPKEPEQLRKLFIGGLSFETTDESLRSHFEQWGTLTDCVVMRDPNTKRSRGFGFVTYATVEEVDAAMNARPHKVDGRVVEPKRAVSREDSQRPGAHLTVKKIFVGGIKEDTEEHHLRDYFEQYGKIEVIEIMTDRGSGKKRGFAFVTFDDHDSVDKIVIQKYHTVNGHNCEVRKALSKQEMASASSSQRGRSGSGNFGGGRGGGFGGNDNFGRGGNFSGRGGFGGSRGGGGYGGSGDGYNGFGNDGGYGGGGPGYSGGSRGYGSGGQGYGNQGSGYGGSGSYDSYNNGGGGGFGGGSGSNFGGGGSYNDFGNYNNQSSNFGPMKGGNFGGRSSGPYGGGGQYFAKPRNQGGYGGSSSSSSYGSGRRF,-1,FALSE,FALSE,137,FALSE
Ash1,GASASSSPSPSTPTKSGKMRSRSSSPVRPKAYTPSPRSPNYHRFALDSPPQSPRRSSNSSITKKGSRRSSGSSPTRHTTRVCV,,,,P34233,MSSLYIKTPLHALSAGPDSHANSSYYDNLLLPSFSNLSSNISRNNITTDNNINSASPRKYSFHSLNVSPILSPISLANEILGKKSNTAPASPHHMDYNPISSLTPGNSPEFNKASLSQISFTNPLNYGSGLGFSSNSQPRLPLLDRLSSVSLSKRPERPQQSLPSLRHLQLLPSPLLQENAARFPDTSKRTSNWKTDLTHWCKDTNYQDYVKIREEVAHFKPLSIPNLTNNQNNDSFNYGKELESTRSSKFHSPSKESFDRTKLIPSILEAKDQFKDLSNNAWSITPPVTPPMSPPTNRTMERTTLRGVEASFFEGKSSNNDSIFNPIISEKLVQEVKHQRQLRGNSFPMPNASHKKTNSFKALQIKKLLANRDILSNNSKSNVRKPSKNKISKQASNVFGNTARQLVMKLDNASYSSVSASSSPSPSTPTKSGKMRSRSSSPVRPKAYTPSPRSPNYHRFALDSPPQSPRRSSNSSITKKGSRRSSGSSPTRHTTRVCVSCHSSDSPCWRPSWSPRKQDQLCNSCGLRYKKTHTRCLNDLCRKIPTKGEINIMKSNGIDKEFVPERNCEIEGYRCLFCNYITETVEN,-1,FALSE,FALSE,83,FALSE
At1g54410_dehydrin,MAGLINKIGDALHIGGGNKEGEHKKEEEHKKHVDEHKSGEHKEGIVDKIKDKIHGGEGKSHDGEGKSHDGEKKKKKDKKEKKHHDDGHHSSSSDSDSD,,,,Q9SLJ2,MAGLINKIGDALHIGGGNKEGEHKKEEEHKKHVDEHKSGEHKEGIVDKIKDKIHGGEGKSHDGEGKSHDGEKKKKKDKKEKKHHDDGHHSSSSDSDSD,0,TRUE,TRUE,98,TRUE
At2g23120_PvLEA18,MEAGKTPPTTTTTTEKKTEQVKDNDLPTDSPYMATGTLEDYKLKAYGAEGHQEPTPGLGGGSTDAPTPSGDAPAATTTDAKAP,,,,Q8S8R1,MEAGKTPPTTTTTTEKKTEQVKDNDLPTDSPYMATGTLEDYKLKAYGAEGHQEPTPGLGGGSTDAPTPSGDAPAATTTDAKAP,0,TRUE,TRUE,83,TRUE
At2g40170_LEA_5,MASQQEKKQLDERAKKGETVVPGGTGGKSFEAQQHLAEGRSRGGQTRKEQLGTEGYQQMGRKGGLSTGDKPGGEHAEEEGVEIDESKFRTKT,,,,Q02973,MASQQEKKQLDERAKKGETVVPGGTGGKSFEAQQHLAEGRSRGGQTRKEQLGTEGYQQMGRKGGLSTGDKPGGEHAEEEGVEIDESKFRTKT,0,TRUE,TRUE,92,TRUE
At2g41280_AtM,MGNLMSLVLVALLFSLSLAVIADTSNDATHVKEEVKPSTEATDAIEAEVEVNDAVVEPQQGLPGGGCRFGCCGGYWWNGLCIYCCRSQAEANEVVKTVEPQKEEAKP,,,,O81483,MGNLMSLVLVALLFSLSLAVIADTSNDATHVKEEVKPSTEATDAIEAEVEVNDAVVEPQQGLPGGGCRFGCCGGYWWNGLCIYCCRSQAEANEVVKTVEPQKEEAKP,0,TRUE,TRUE,107,TRUE
At4g21020_1,MAAMQLTRTALVGLSKAFPGIKAPATLAASSRKVSRICFATSVSQNEGRDPLDNARDSRADSAYGSKKWREDTGEYYAQAAKDKANEGASKAADKAYETK,,,,Q9SUB2,MAAMQLTRTALVGLSKAFPGIKAPATLAASSRKVSRICFATSVSQNEGRDPLDNARDSRADSAYGSKKWREDTGEYYAQAAKDKANEGASKAADKAYETKEQAKDKAYETKEKAKDTAYNAKEKAKDYAERTKDKVNEGAYKAADKAEDTKEKAKDYAEDTMDNAKEKARHAKEKVKEYGEDTKEKAEGFKETVKGKAEELGEKTKETVKGAWESTKNAAQTVTEAVVGPEEDAEKARADMNKGVEDHRKKKAEKDQKEDDFITFN,0,TRUE,FALSE,100,TRUE
At4g21020_2,AKDKANEGASKAADKAYETKEQAKDKAYETKEKAKDTAYNAKEKAKDYAERTKDKVNEGAYKAADKAEDTKEKAKDYAEDTMDNAKEKARHAKEKVKEYG,,,,Q9SUB2,MAAMQLTRTALVGLSKAFPGIKAPATLAASSRKVSRICFATSVSQNEGRDPLDNARDSRADSAYGSKKWREDTGEYYAQAAKDKANEGASKAADKAYETKEQAKDKAYETKEKAKDTAYNAKEKAKDYAERTKDKVNEGAYKAADKAEDTKEKAKDYAEDTMDNAKEKARHAKEKVKEYGEDTKEKAEGFKETVKGKAEELGEKTKETVKGAWESTKNAAQTVTEAVVGPEEDAEKARADMNKGVEDHRKKKAEKDQKEDDFITFN,80,FALSE,FALSE,100,FALSE
At4g21020_3,TMDNAKEKARHAKEKVKEYGEDTKEKAEGFKETVKGKAEELGEKTKETVKGAWESTKNAAQTVTEAVVGPEEDAEKARADMNKGVEDHRKKKAEKDQKEDDFITFN,,,,Q9SUB2,MAAMQLTRTALVGLSKAFPGIKAPATLAASSRKVSRICFATSVSQNEGRDPLDNARDSRADSAYGSKKWREDTGEYYAQAAKDKANEGASKAADKAYETKEQAKDKAYETKEKAKDTAYNAKEKAKDYAERTKDKVNEGAYKAADKAEDTKEKAKDYAEDTMDNAKEKARHAKEKVKEYGEDTKEKAEGFKETVKGKAEELGEKTKETVKGAWESTKNAAQTVTEAVVGPEEDAEKARADMNKGVEDHRKKKAEKDQKEDDFITFN,160,FALSE,TRUE,106,TRUE
At5g44310_1,MAAMQLTRTVFFGISKAFPKSQAPRTLAVAIGRKSSRVFFASSVNHSKGRYDPVEKARDSRADLAYDSKKWREESGEYAEAGKGKAHKTKEEAKDKAYDM,,,,Q6NMC2,MAAMQLTRTVFFGISKAFPKSQAPRTLAVAIGRKSSRVFFASSVNHSKGRYDPVEKARDSRADLAYDSKKWREESGEYAEAGKGKAHKTKEEAKDKAYDMKERTKDYAEQTKNKVNEGASRAADKAYETKEKAKDKAYDVKEKTKDYAEEAKDKVNEGASRAADKAYETKEKAKDKAYDVKEKTKDFAEETKEKVNEGASRAADKAYETKEKAKDKAYDVKEKTKNYAEQTKDKVNEGASRAADKAEETKDKAKDYAEDSKEKAEDMAHGFKEKAQDIGEKTMDTVKDVWETAKSTAQKVTEAVVGSGEEADKARDDVDKGLEDLSKKAKENRNKDDDFKRF,0,TRUE,FALSE,100,TRUE
At5g44310_2,AGKGKAHKTKEEAKDKAYDMKERTKDYAEQTKNKVNEGASRAADKAYETKEKAKDKAYDVKEKTKDYAEEAKDKVNEGASRAADKAYETKEKAKDKAYDV,,,,Q6NMC2,MAAMQLTRTVFFGISKAFPKSQAPRTLAVAIGRKSSRVFFASSVNHSKGRYDPVEKARDSRADLAYDSKKWREESGEYAEAGKGKAHKTKEEAKDKAYDMKERTKDYAEQTKNKVNEGASRAADKAYETKEKAKDKAYDVKEKTKDYAEEAKDKVNEGASRAADKAYETKEKAKDKAYDVKEKTKDFAEETKEKVNEGASRAADKAYETKEKAKDKAYDVKEKTKNYAEQTKDKVNEGASRAADKAEETKDKAKDYAEDSKEKAEDMAHGFKEKAQDIGEKTMDTVKDVWETAKSTAQKVTEAVVGSGEEADKARDDVDKGLEDLSKKAKENRNKDDDFKRF,80,FALSE,FALSE,100,FALSE
At5g44310_3,RAADKAYETKEKAKDKAYDVKEKTKDFAEETKEKVNEGASRAADKAYETKEKAKDKAYDVKEKTKNYAEQTKDKVNEGASRAADKAEETKDKAKDYAEDS,,,,Q6NMC2,MAAMQLTRTVFFGISKAFPKSQAPRTLAVAIGRKSSRVFFASSVNHSKGRYDPVEKARDSRADLAYDSKKWREESGEYAEAGKGKAHKTKEEAKDKAYDMKERTKDYAEQTKNKVNEGASRAADKAYETKEKAKDKAYDVKEKTKDYAEEAKDKVNEGASRAADKAYETKEKAKDKAYDVKEKTKDFAEETKEKVNEGASRAADKAYETKEKAKDKAYDVKEKTKNYAEQTKDKVNEGASRAADKAEETKDKAKDYAEDSKEKAEDMAHGFKEKAQDIGEKTMDTVKDVWETAKSTAQKVTEAVVGSGEEADKARDDVDKGLEDLSKKAKENRNKDDDFKRF,160,FALSE,FALSE,100,FALSE
At5g44310_4,RAADKAEETKDKAKDYAEDSKEKAEDMAHGFKEKAQDIGEKTMDTVKDVWETAKSTAQKVTEAVVGSGEEADKARDDVDKGLEDLSKKAKENRNKDDDFKRF,,,,Q6NMC2,MAAMQLTRTVFFGISKAFPKSQAPRTLAVAIGRKSSRVFFASSVNHSKGRYDPVEKARDSRADLAYDSKKWREESGEYAEAGKGKAHKTKEEAKDKAYDMKERTKDYAEQTKNKVNEGASRAADKAYETKEKAKDKAYDVKEKTKDYAEEAKDKVNEGASRAADKAYETKEKAKDKAYDVKEKTKDFAEETKEKVNEGASRAADKAYETKEKAKDKAYDVKEKTKNYAEQTKDKVNEGASRAADKAEETKDKAKDYAEDSKEKAEDMAHGFKEKAQDIGEKTMDTVKDVWETAKSTAQKVTEAVVGSGEEADKARDDVDKGLEDLSKKAKENRNKDDDFKRF,240,FALSE,TRUE,102,TRUE
cMyc,MPLNVSFTNRNYDLDYDSVQPYFYCDEEENFYQQQQQSELQPPAPSEDIWKKFELLPTPPLSPSRRSGLCSPSYVAVTPFSLRGDNDGGGGSFSTADQLEMVTELLGGDMVNQSFICDPDDETFIKNIIIQDCMWSGFSAAAKLVSEKLA,,,,P01106-1,MPLNVSFTNRNYDLDYDSVQPYFYCDEEENFYQQQQQSELQPPAPSEDIWKKFELLPTPPLSPSRRSGLCSPSYVAVTPFSLRGDNDGGGGSFSTADQLEMVTELLGGDMVNQSFICDPDDETFIKNIIIQDCMWSGFSAAAKLVSEKLASYQAARKDSGSPNPARGHSVCSTSSLYLQDLSAAASECIDPSVVFPYPLNDSSSPKSCASQDSSAFSPSSDSLLSSTESSPQGSPEPLVLHEETPPTTSSDSEEEQEDEEEIDVVSVEKRQAPGKRSESGSPSAGGHSKPPHSPLVLKRCHVSTHQHNYAAPPSTRKDYPAAKRVKLDSVRVLRQISNNRKCTSPRSSDTEENVKRRTHNVLERQRRNELKRSFFALRDQIPELENNEKAPKVVILKKATAYILSVQAEEQKLISEEDLLRKRREQLKHKLEQLRNSCA,0,TRUE,FALSE,150,TRUE
DP00007,MPKRGKKGAVAEDGDELRTEPEAKKSKTAAKKNDKEAAGEGPA,,,,P27695,MPKRGKKGAVAEDGDELRTEPEAKKSKTAAKKNDKEAAGEGPALYEDPPDQKTSPSGKPATLKICSWNVDGLRAWIKKKGLDWVKEEAPDILCLQETKCSENKLPAELQELPGLSHQYWSAPSDKEGYSGVGLLSRQCPLKVSYGIGDEEHDQEGRVIVAEFDSFVLVTAYVPNAGRGLVRLEYRQRWDEAFRKFLKGLASRKPLVLCGDLNVAHEEIDLRNPKGNKKNAGFTPQERQGFGELLQAVPLADSFRHLYPNTPYAYTFWTYMMNARSKNVGWRLDYFLLSHSLLPALCDSKIRSKALGSDHCPITLYLAL,0,TRUE,FALSE,43,TRUE
DP00011,LPEETMDFMVQHTSFKEMKKNPMTNYTTVPQELMDHSISPFMRKGM,,,,P0DMM9,MELIQDTSRPPLEYVKGVPLIKYFAEALGPLQSFQARPDDLLINTYPKSGTTWVSQILDMIYQGGDLEKCNRAPIYVRVPFLEVNDPGEPSGLETLKDTPPPRLIKSHLPLALLPQTLLDQKVKVVYVARNPKDVAVSYYHFHRMEKAHPEPGTWDSFLEKFMAGEVSYGSWYQHVQEWWELSRTHPVLYLFYEDMKENPKREIQKILEFVGRSLPEETMDFMVQHTSFKEMKKNPMTNYTTVPQELMDHSISPFMRKGMAGDWKTTFTVAQNERFDADYAEKMAGCSLSFRSEL,214,FALSE,FALSE,46,FALSE
DP00013,DPRFQDSSSSKAPPPSLPSPSRLPGPSDTPILPQ,,,,P0DN86,MEMFQGLLLLLLLSMGGTWASKEPLRPRCRPINATLAVEKEGCPVCITVNTTICAGYCPTMTRVLQGVLPALPQVVCNYRDVRFESIRLPGCPRGVNPVVSYAVALSCQCALCRRSTTDCGGPKDHPLTCDDPRFQDSSSSKAPPPSLPSPSRLPGPSDTPILPQ,131,FALSE,TRUE,34,TRUE
DP00029,RSPDKQAAALPRRERNRQAAAASPENSRGKGRRGQR,,,,Q07731,MKLWDVVAVCLVLLHTASAFPLPAGKRLLEAPAEDHSLGHRRVPFALTSDSNMPEDYPDQFDDVMDFIQATIKRLKRSPDKQAAALPRRERNRQAAAASPENSRGKGRRGQRGKNRGCVLTAIHLNVTDLGLGYETKEELIFRYCSGSCEAAETMYDKILKNLSRSRRLTSDKVGQACCRPVAFDDDLSFLDDSLVYHILRKHSAKRCGCI,76,FALSE,FALSE,36,FALSE
DP00048,LEAQEEEEVGFPVTPQVPLR,,,,P03406,MGGKWSKSSVVGWPTVRERMRRAEPAADGVGAASRDLEKHGAITSSNTAATNAACAWLEAQEEEEVGFPVTPQVPLRPMTYKAAVDLSHFLKEKGGLEGLIHSQRRQDILDLWIYHTQGYFPDWQNYTPGPGVRYPLTFGWCYKLVPVEPDKVEEANKGENTSLLHPVSLHGMDDPEREVLEWRFDSRLAFHHVARELHPEYFKNC,57,FALSE,FALSE,20,FALSE
DP00055,LLPAGGENGSEATDVSDEVEAAEMEDEAVRSQVQHKPK,,,,P10688,MDSGRDFLTLHGLQDDPDLQALLKGSQLLKVKSSSWRRERFYKLQEDCKTIWQESRKVMRSPESQLFSIEDIQEVRMGHRTEGLEKFARDIPEDRCFSIVFKDQRNTLDLIAPSPADAQHWVQGLRKIIHHSGSMDQRQKLQHWIHSCLRKADKNKDNKMNFKELKDFLKELNIQVDDGYARKIFRECDHSQTDSLEDEEIETFYKMLTQRAEIDRAFEEAAGSAETLSVERLVTFLQHQQREEEAGPALALSLIERYEPSETAKAQRQMTKDGFLMYLLSADGNAFSLAHRRVYQDMDQPLSHYLVSSSHNTYLLEDQLTGPSSTEAYIRALCKGCRCLELDCWDGPNQEPIIYHGYTFTSKILFCDVLRAIRDYAFKASPYPVILSLENHCSLEQQRVMARHLRAILGPILLDQPLDGVTTSLPSPEQLKGKILLKGKKLGGLLPAGGENGSEATDVSDEVEAAEMEDEAVRSQVQHKPKEDKLKLVPELSDMIIYCKSVHFGGFSSPGTSGQAFYEMASFSESRALRLLQESGNGFVRHNVSCLSRIYPAGWRTDSSNYSPVEMWNGGCQIVALNFQTPGPEMDVYLGCFQDNGGCGYVLKPAFLRDPNTTFNSRALTQGPWWRPERLRVRIISGQQLPKVNKNKNSIVDPKVIVEIHGVGRDTGSRQTAVITNNGFNPRWDMEFEFEVTVPDLALVRFMVEDYDSSSKNDFIGQSTIPWNSLKQGYRHVHLLSKNGDQHPSATLFVKISIQD,444,FALSE,FALSE,38,FALSE
DP00060,DKFYTPKTRPSGHDIGKSFSKDNGGSIPPNLLQISNSE,,,,P11409,MMTLNLQTMSSNDMLNFGKKPAYTTSNGSMYIGDSLELLESFPDESISLVMTSPPFALQRKKEYGNLEQHEYVDWFLSFAKVVNKKLKPDGSFVVDFGGAYMKGVPARSIYNFRVLIRMIDEVGFFLAEDFYWFNPSKLPSPIEWVNKRKIRVKDAVNTVWWFSKTEWPKSDITKVLAPYSDRMKKLIEDPDKFYTPKTRPSGHDIGKSFSKDNGGSIPPNLLQISNSESNGQYLANCKLMGIKAHPARFPAKLPEFFIRMLTEPDDLVVDIFGGSNTTGLVAERESRKWISFEMKPEYVAASAFRFLDNNISEEKITDIYNRILNGESLDLNSII,191,FALSE,FALSE,38,FALSE
DP00067,MFGRDPFDSLFERMFKEFFATPMTGTTMIQSS,,,,Q57733,MFGRDPFDSLFERMFKEFFATPMTGTTMIQSSTGIQISGKGFMPISIIEGDQHIKVIAWLPGVNKEDIILNAVGDTLEIRAKRSPLMITESERIIYSEIPEEEEIYRTIKLPATVKEENASAKFENGVLSVILPKAESSIKKGINIE,0,TRUE,FALSE,32,TRUE
DP00070,EEGAPQEGILEDMPVDPDNEAYEMPSEEGYQDYEPEA,,,,P37840,MDVFMKGLSKAKEGVVAAAEKTKQGVAEAAGKTKEGVLYVGSKTKEGVVHGVATVAEKTKEQVTNVGGAVVTGVTAVAQKTVEGAGSIAAATGFVKKDQLGKNEEGAPQEGILEDMPVDPDNEAYEMPSEEGYQDYEPEA,103,FALSE,TRUE,37,TRUE
DP00080,DSQKRREILSRRPSYRKILNDLSSD,,,,P15337,MTMDSGADNQQSGDAAVTEAESQQMTVQAQPQIATLAQVSMPAAHATSSAPTVTLVQLPNGQTVQVHGVIQAAQPSVIQSPQVQTVQISTIAESEDSQESVDSVTDSQKRREILSRRPSYRKILNDLSSDAPGVPRIEEEKSEEETSAPAITTVTVPTPIYQTSSGQYIAITQGGAIQLANNGTDGVQGLQTLTMTNAAATQPGTTILQYAQTTDGQQILVPSNQVVVQAASGDVQTYQIRTAPTSTIAPGVVMASSPALPTQPAEEAARKREVRLMKNREAARECRRKKKEYVKCLENRVAVLENQNKTLIEELKALKDLYCHKSD,105,FALSE,FALSE,25,FALSE
DP00083,STDSTPMFEYENLEDNSKEWTSLFDNDIPVTTDD,,,,P03069,MSEYQPSLFALNPMGFSPLDGSKSTNENVSASTSTAKPMVGQLIFDKFIKTEEDPIIKQDTPSNLDFDFALPQTATAPDAKTVLPIPELDDAVVESFFSSSTDSTPMFEYENLEDNSKEWTSLFDNDIPVTTDDVSLADKAIESTEEVSLVPSNLEVSTTSFLPTPVLEDAKLTQTRKVKKPNSVVKKSHHVGKDDESRLDHLGVVAYNRKQRSIPLSPIVPESSDPAALKRARNTEAARRSRARKLQRMKQLEDKVEELLSKNYHLENEVARLKKLVGER,100,FALSE,FALSE,34,FALSE
DP00100,IDLAAAPMGVEIMAPPGMEEMTSQLQSMFQNLGGQ,,,,P0A6H5,MSEMTPREIVSELDKHIIGQDNAKRSVAIALRNRWRRMQLNEELRHEVTPKNILMIGPTGVGKTEIARRLAKLANAPFIKVEATKFTEVGYVGKEVDSIIRDLTDAAVKMVRVQAIEKNRYRAEELAEERILDVLIPPAKNNWGQTEQQQEPSAARQAFRKKLREGQLDDKEIEIDLAAAPMGVEIMAPPGMEEMTSQLQSMFQNLGGQKQKARKLKIKDAMKLLIEEEAAKLVNPEELKQDAIDAVEQHGIVFIDEIDKICKRGESSGPDVSREGVQRDLLPLVEGCTVSTKHGMVKTDHILFIASGAFQIAKPSDLIPELQGRLPIRVELQALTTSDFERILTEPNASITVQYKALMATEGVNIEFTDSGIKRIAEAAWQVNESTENIGARRLHTVLERLMEEISYDASDLSGQNITIDADYVSKHLDALVADEDLSRFIL,174,FALSE,FALSE,35,FALSE
DP00103,MSSKEQKTPEGQAPEEIIMDQHEEIEAVEPEA,,,,P09372,MSSKEQKTPEGQAPEEIIMDQHEEIEAVEPEASAEQVDPRDEKVANLEAQLAEAQTRERDGILRVKAEMENLRRRTELDIEKAHKFALEKFINELLPVIDSLDRALEVADKANPDMSAMVEGIELTLKSMLDVVRKFGVEVIAETNVPLDPNVHQAIAMVESDDVAPGNVLGIMQKGYTLNGRTIRAAMVTVAKAKA,0,TRUE,FALSE,32,TRUE
DP00107,SDNVQVAPQEVEVSSYLVGQIDSEVDTDDLSNFQL,,,,P69924,MAYTTFSQTKNDQLKEPMFFGQPVNVARYDQQKYDIFEKLIEKQLSFFWRPEEVDVSRDRIDYQALPEHEKHIFISNLKYQTLLDSIQGRSPNVALLPLISIPELETWVETWAFSETIHSRSYTHIIRNIVNDPSVVFDDIVTNEQIQKRAEGISSYYDELIEMTSYWHLLGEGTHTVNGKTVTVSLRELKKKLYLCLMSVNALEAIRFYVSFACSFAFAERELMEGNAKIIRLIARDEALHLTGTQHMLNLLRSGADDPEMAEIAEECKQECYDLFVQAAQQEKDWADYLFRDGSMIGLNKDILCQYVEYITNIRMQAVGLDLPFQTRSNPIPWINTWLVSDNVQVAPQEVEVSSYLVGQIDSEVDTDDLSNFQL,341,FALSE,TRUE,35,TRUE
DP00133,MAEEQARHVKNGLECIRALKAEPIGSLAIEEAMAAWSEISDNPGQERATC,,,,P03422,MAEEQARHVKNGLECIRALKAEPIGSLAIEEAMAAWSEISDNPGQERATCREEKAGSSGLSKPCLSAIGSTEGGAPRIRGQGPGESDDDAETLGIPPRNLQASSTGLQCYYVYDHSGEAVKGIQDADSIMVQSGLDGDSTLSGGDNESENSDVDIGEPDTEGYAITDRGSAPISMGFRASDVETAEGGEIHELLRLQSRGNNFPKLGKTLNVPPPPDPGRASTSGTPIKKGTERRLASFGTEIASLLTGGATQCARKSPSEPSGPGAPAGNVPECVSNAALIQEWTPESGTTISPRSQNNEEGGDYYDDELFSDVQDIKTALAKIHEDNQKIISKLESLLLLKGEVESIKKQINRQNISISTLEGHLSSIMIAIPGLGKDPNDPTADVEINPDLKPIIGRDSGRALAEVLKKPVASRQLQGMTNGRTSSRGQLLKEFQLKPIGKKMSSAVGFVPDTGPASRSVIRSIIKSSRLEEDRKRYLMTLLDDIKGANDLAKFHQMLMKIIMK,0,TRUE,FALSE,50,TRUE
DP00159,FIDENLKAADSDPTAPPYDSLLVFDYEGSGSEAASLSSLNSSESDQDQDYDYLNEWGNRFKKLADMYGGGEDD,,,,P09803,MGARCRSFSALLLLLQVSSWLCQELEPESCSPGFSSEVYTFPVPERHLERGHVLGRVRFEGCTGRPRTAFFSEDSRFKVATDGTITVKRHLKLHKLETSFLVRARDSSHRELSTKVTLKSMGHHHHRHHHRDPASESNPELLMFPSVYPGLRRQKRDWVIPPISCPENEKGEFPKNLVQIKSNRDKETKVFYSITGQGADKPPVGVFIIERETGWLKVTQPLDREAIAKYILYSHAVSSNGEAVEDPMEIVITVTDQNDNRPEFTQEVFEGSVAEGAVPGTSVMKVSATDADDDVNTYNAAIAYTIVSQDPELPHKNMFTVNRDTGVISVLTSGLDRESYPTYTLVVQAADLQGEGLSTTAKAVITVKDINDNAPVFNPSTYQGQVPENEVNARIATLKVTDDDAPNTPAWKAVYTVVNDPDQQFVVVTDPTTNDGILKTAKGLDFEAKQQYILHVRVENEEPFEGSLVPSTATVTVDVVDVNEAPIFMPAERRVEVPEDFGVGQEITSYTAREPDTFMDQKITYRIWRDTANWLEINPETGAIFTRAEMDREDAEHVKNSTYVALIIATDDGSPIATGTGTLLLVLLDVNDNAPIPEPRNMQFCQRNPQPHIITILDPDLPPNTSPFTAELTHGASVNWTIEYNDAAQESLILQPRKDLEIGEYKIHLKLADNQNKDQVTTLDVHVCDCEGTVNNCMKAGIVAAGLQVPAILGILGGILALLILILLLLLFLRRRTVVKEPLLPPDDDTRDNVYYYDEEGGGEEDQDFDLSQLHRGLDARPEVTRNDVAPTLMSVPQYRPRPANPDEIGNFIDENLKAADSDPTAPPYDSLLVFDYEGSGSEAASLSSLNSSESDQDQDYDYLNEWGNRFKKLADMYGGGEDD,811,FALSE,TRUE,73,TRUE
DP00179,NTDQQKVSEIFQSSKEKLQGDAKVVSDAFKK,,,,P01094,MNTDQQKVSEIFQSSKEKLQGDAKVVSDAFKKMASQDKDGKTTDADESEKHNYQEQYNKLKGAGHKKE,1,TRUE,FALSE,31,TRUE
DP00195,MPKRKAEGDAEGDKAKVKDEPQRRSARLSAKPAPPKPEPKPKKAPAKKGEKVPKGKKGKADAGKDGNNPAENGDAKTDQAQKAEGAGDA,,,,P02313,MPKRKAEGDAEGDKAKVKDEPQRRSARLSAKPAPPKPEPKPKKAPAKKGEKVPKGKKGKADAGKDGNNPAENGDAKTDQAQKAEGAGDAK,0,TRUE,TRUE,89,TRUE
DP00246,MAQWDDFPDQQEDTDSCTESVKFDARSVTALLPPHPKNGPTLQERMKSYK,,,,P21758,MAQWDDFPDQQEDTDSCTESVKFDARSVTALLPPHPKNGPTLQERMKSYKTALITLYLIVFVVLVPIIGIVAAQLLKWETKNCTVGSVNADISPSPEGKGNGSEDEMRFREAVMERMSNMESRIQYLSDNEANLLDAKNFQNFSITTDQRFNDVLFQLNSLLSSIQEHENIIGDISKSLVGLNTTVLDLQFSIETLNGRVQENAFKQQEEMRKLEERIYNASAEIKSLDEKQVYLEQEIKGEMKLLNNITNDLRLKDWEHSQTLKNITLLQGPPGPPGEKGDRGPPGQNGIPGFPGLIGTPGLKGDRGISGLPGVRGFPGPMGKTGKPGLNGQKGQKGEKGSGSMQRQSNTVRLVGGSGPHEGRVEIFHEGQWGTVCDDRWELRGGLVVCRSLGYKGVQSVHKRAYFGKGTGPIWLNEVFCFGKESSIEECRIRQWGVRACSHDEDAGVTCTT,0,TRUE,FALSE,50,TRUE
DP00284,TNVLNQGGEVGYDSSSNVIQDSNLDTAINPDDRPLSEIPTDDNPNMSMAEM,,,,P16009,MEMISNNLNWFVGVVEDRMDPLKLGRVRVRVVGLHPPQRAQGDVMGIPTEKLPWMSVIQPITSAAMSGIGGSVTGPVEGTRVYGHFLDKWKTNGIVLGTYGGIVREKPNRLEGFSDPTGQYPRRLGNDTNVLNQGGEVGYDSSSNVIQDSNLDTAINPDDRPLSEIPTDDNPNMSMAEMLRRDEGLRLKVYWDTEGYPTIGIGHLIMKQPVRDMAQINKVLSKQVGREITGNPGSITMEEATTLFERDLADMQRDIKSHSKVGPVWQAVNRSRQMALENMAFQMGVGGVAKFNTMLTAMLAGDWEKAYKAGRDSLWYQQTKGRASRVTMIILTGNLESYGVEVKTPARSLSAMAATVAKSSDPADPPIPNDSRILFKEPVSSYKGEYPYVHTMETESGHIQEFDDTPGQERYRLVHPTGTYEEVSPSGRRTRKTVDNLYDITNADGNFLVAGDKKTNVGGSEIYYNMDNRLHQIDGSNTIFVRGDETKTVEGNGTILVKGNVTIIVEGNADITVKGDATTLVEGNQTNTVNGNLSWKVAGTVDWDVGGDWTEKMASMSSISSGQYTIDGSRIDIG,128,FALSE,FALSE,51,FALSE
DP00303,HHEAELKPLAQSHATKHKIP,,,,P02185,MVLSEGEWQLVLHVWAKVEADVAGHGQDILIRLFKSHPETLEKFDRFKHLKTEAEMKASEDLKKHGVTVLTALGAILKKKGHHEAELKPLAQSHATKHKIPIKYLEFISEAIIHVLHSRHPGDFGADAQGAMNKALELFRKDIAAKYKELGYQG,81,FALSE,FALSE,20,FALSE
DP00356,TDFIDEEVLMSLVIEMGLDRIKELPELWLGQNEFDFMTDFVCKQQPSRVS,,,,Q99967,MADHMMAMNHGRFPDGTNGLHHHPAHRMGMGQFPSPHHHQQQQPQHAFNALMGEHIHYGAGNMNATSGIRHAMGPGTVNGGHPPSALAPAARFNNSQFMGPPVASQGGSLPASMQLQKLNNQYFNHHPYPHNHYMPDLHPAAGHQMNGTNQHFRDCNPKHSGGSSTPGGSGGSSTPGGSGSSSGGGAGSSNSGGGSGSGNMPASVAHVPAAMLPPNVIDTDFIDEEVLMSLVIEMGLDRIKELPELWLGQNEFDFMTDFVCKQQPSRVSC,219,FALSE,TRUE,50,TRUE
DP00398,KKVPVLPMVAGGSGLDEFINFDPEVERQQTELRHKRTGGKH,,,,P07342,MIRQSTLKNFAIKRCFQHIAYRNTPAMRSVALAQRFYSSSSRYYSASPLPASKRPEPAPSFNVDPLEQPAEPSKLAKKLRAEPDMDTSFVGLTGGQIFNEMMSRQNVDTVFGYPGGAILPVYDAIHNSDKFNFVLPKHEQGAGHMAEGYARASGKPGVVLVTSGPGATNVVTPMADAFADGIPMVVFTGQVPTSAIGTDAFQEADVVGISRSCTKWNVMVKSVEELPLRINEAFEIATSGRPGPVLVDLPKDVTAAILRNPIPTKTTLPSNALNQLTSRAQDEFVMQSINKAADLINLAKKPVLYVGAGILNHADGPRLLKELSDRAQIPVTTTLQGLGSFDQEDPKSLDMLGMHGCATANLAVQNADLIIAVGARFDDRVTGNISKFAPEARRAAAEGRGGIIHFEVSPKNINKVVQTQIAVEGDATTNLGKMMSKIFPVKERSEWFAQINKWKKEYPYAYMEETPGSKIKPQTVIKKLSKVANDTGRHVIVTTGVGQHQMWAAQHWTWRNPHTFITSGGLGTMGYGLPAAIGAQVAKPESLVIDIDGDASFNMTLTELSSAVQAGTPVKILILNNEEQGMVTQWQSLFYEHRYSHTHQLNPDFIKLAEAMGLKGLRVKKQEELDAKLKEFVSTKGPVLLEVEVDKKVPVLPMVAGGSGLDEFINFDPEVERQQTELRHKRTGGKH,646,FALSE,TRUE,41,TRUE
DP00399,VEGGAHDVIVKDRINDYHPK,,,,P50097,MAKYYNEPCHTFNEYLLIPGLSTVDCIPSNVNLSTPLVKFQKGQQSEINLKIPLVSAIMQSVSGEKMAIALAREGGISFIFGSQSIESQAAMVHAVKNFKAGFVVSDSNVKPDQTFADVLAISQRTTHNTVAVTDDGTPHGVLLGLVTQRDYPIDLTQTETKVSDMMTPFSKLVTAHQDTKLSEANKIIWEKKLNALPIIDDDQHLRYIVFRKDYDRSQVCHNELVDSQKRYLVGAGINTRDFRERVPALVEAGADVLCIDSSDGFSEWQKITIGWIREKYGDKVKVGAGNIVDGEGFRYLADAGADFIKIGIGGGSICITREQKGIGRGQATAVIDVVAERNKYFEETGIYIPVCSDGGIVYDYHMTLALAMGADFIMLGRYFARFEESPTRKVTINGSVMKEYWGEGSSRARNWQRYDLGGKQKLSFEEGVDSYVPYAGKLKDNVEASLNKVKSTMCNCGALTIPQLQSKAKITLVSSVSIVEGGAHDVIVKDRINDYHPK,483,FALSE,TRUE,20,TRUE
DP00438,NFGPKGFGYGQGAGALVHAQ,,,,Q05158,MPNWGGGNKCGACGRTVYHAEEVQCDGRSFHRCCFLCMVCRKNLDSTTVAIHDAEVYCKSCYGKKYGPKGYGYGQGAGTLNMDRGERLGIKPESSPSPHRPTTNPNTSKFAQKFGGAEKCSRCGDSVYAAEKVIGAGKPWHKNCFRCAKCGKSLESTTLTEKEGEIYCKGCYAKNFGPKGFGYGQGAGALVHAQ,174,FALSE,TRUE,20,TRUE
DP00449,EENRTEAPEETEPERETPSAINGNPSWHLADSPAVNGATGHSSSLDAREV,,,,P53563,MSQSNRELVVDFLSYKLSQKGYSWSQFSDVEENRTEAPEETEPERETPSAINGNPSWHLADSPAVNGATGHSSSLDAREVIPMAAVKQALREAGDEFELRYRRAFSDLTSQLHITPGTAYQSFEQVVNELFRDGVNWGRIVAFFSFGGALCVESVDKEMQVLVSRIASWMATYLNDHLEPWIQENGGWDTFVDLYGNNAAAESRKGQERFNRWFLTGMTVAGVVLLGSLFSRK,30,FALSE,FALSE,50,FALSE
DP00491,VVEWTNNTLPLEPCPKEQIIGLSRRIADENGKPRPAFSNALEPDFKALSIAVTGSGSCRHLQFIPVAPPSPGSSAAPATEVPDRDPEKSSEDDVYLH,,,,Q62165,MSVDNWLLHPLWGQTFLLLLSVAVAQAHWPSEPSEAVRDWKNQLEASMHSVLSDFQEAVPTVVGIPDGTAVVGRSFRVSIPTDLIASSGEIIKVSAAGKEALPSWLHWDPHSHILEGLPLDTDKGVHYISVSAARLGANGSHVPQTSSVFSIEVYPEDHNEPQSVRAASSDPGEVVPSACAADEPVTVLTVILDADLTKMTPKQRIDLLNRMQSFSEVELHNMKLVPVVNNRLFDMSAFMAGPGNAKKVVENGALLSWKLGCSLNQNSVPDIRGVETPAREGAMSAQLGYPVVGWHIANKKPTLPKRLRRQIHATPTPVTAIGPPTTAIQEPPSRIVPTPTSPAIAPPTETMAPPVRDPVPGKPTVTIRTRGAIIQTPTLGPIQPTRVSEAGTTVPGQIRPTLTIPGYVEPTAVITPPTTTTKKPRVSTPKPATPSTDSSTTTTRRPTKKPRTPRPVPRVTTKAPITRLETASPPTRIRTTTSGVPRGGEPNQRPELKNHIDRVDAWVGTYFEVKIPSDTFYDNEDTTTDKLKLTLKLREQQLVGEKSWVQFNSNSQLMYGLPDSSHVGKHEYFMHATDKGGLSAVDAFEIHVHKRPQGDKAPARFKARLAGDPAPVVNDIHKKIALVKKLAFAFGDRNCSSITLQNITRGSIVVEWTNNTLPLEPCPKEQIIGLSRRIADENGKPRPAFSNALEPDFKALSIAVTGSGSCRHLQFIPVAPPSPGSSAAPATEVPDRDPEKSSEDDVYLHTVIPAVVVAAILLIAGIIAMICYRKKRKGKLTLEDQATFIKKGVPIIFADELDDSKPPPSSSMPLILQEEKAPLPPPEYPNQSMPETTPLNQDTVGEYTPLRDEDPNAPPYQPPPPFTAPMEGKGSRPKNMTPYRSPPPYVPP,653,FALSE,FALSE,97,FALSE
DP00499,LTAATHWASMDPAVVHPELNGAAYSRYPPGVVSVAPTGIPAAVEGIVPSAMSLSHGLPPVAHPPHAPSPGQTVKPEADRDHTTDQL,,,,Q9Z2F5,MSGVRPPIMNGPMHPRPLVALLDGRDCTVEMPILKDVATVAFCDAQSTQEIHEKVLNEAVGALMYHTITLTREDLEKFKALRIIVRIGSGFDNIDIKSAGDLGIAVCNVPAASVEETADSTLCHILNLYRRTTWLHQALREGTRVQSVEQIREVASGAARIRGETLGIIGLGRVGQAVALRAKAFGFNVLFYDPYLSDGIERALGLQRVSTLQDLLFHSDCVTLHCGLNEHNHHLINDFTVKQMRQGAFLVNTARGGLVDEKALAQALKEGRIRGAALDVHESEPFSFSQGPLKDAPNLICTPHAAWYSEQASIEMREEAAREIRRAITGRIPDSLKNCVNKDHLTAATHWASMDPAVVHPELNGAAYSRYPPGVVSVAPTGIPAAVEGIVPSAMSLSHGLPPVAHPPHAPSPGQTVKPEADRDHTTDQL,344,FALSE,TRUE,86,TRUE
DP00549,RPQGSARPQPDPNAEFDPDLPGGGLHRCLACARYFIDSTNLK,,,,O00488,MGRSRRTGAHRAHSLARQMKAKRRRPDLDEIHRELRPQGSARPQPDPNAEFDPDLPGGGLHRCLACARYFIDSTNLKTHFRSKDHKKRLKQLSVEPYSQEEAERAAGMGSYVPPRRLAVPTEVSTEVPEMDTST,35,FALSE,FALSE,42,FALSE
DP00557,DDKYRELRSQLSNKSLAPEVHQQISKQLADRER,,,,Q00955,MSEESLFESSPQKMEYEITNYSERHTELPGHFIGLNTVDKLEESPLRDFVKSHGGHTVISKILIANNGIAAVKEIRSVRKWAYETFGDDRTVQFVAMATPEDLEANAEYIRMADQYIEVPGGTNNNNYANVDLIVDIAERADVDAVWAGWGHASENPLLPEKLSQSKRKVIFIGPPGNAMRSLGDKISSTIVAQSAKVPCIPWSGTGVDTVHVDEKTGLVSVDDDIYQKGCCTSPEDGLQKAKRIGFPVMIKASEGGGGKGIRQVEREEDFIALYHQAANEIPGSPIFIMKLAGRARHLEVQLLADQYGTNISLFGRDCSVQRRHQKIIEEAPVTIAKAETFHEMEKAAVRLGKLVGYVSAGTVEYLYSHDDGKFYFLELNPRLQVEHPTTEMVSGVNLPAAQLQIAMGIPMHRISDIRTLYGMNPHSASEIDFEFKTQDATKKQRRPIPKGHCTACRITSEDPNDGFKPSGGTLHELNFRSSSNVWGYFSVGNNGNIHSFSDSQFGHIFAFGENRQASRKHMVVALKELSIRGDFRTTVEYLIKLLETEDFEDNTITTGWLDDLITHKMTAEKPDPTLAVICGAATKAFLASEEARHKYIESLQKGQVLSKDLLQTMFPVDFIHEGKRYKFTVAKSGNDRYTLFINGSKCDIILRQLSDGGLLIAIGGKSHTIYWKEEVAATRLSVDSMTTLLEVENDPTQLRTPSPGKLVKFLVENGEHIIKGQPYAEIEVMKMQMPLVSQENGIVQLLKQPGSTIVAGDIMAIMTLDDPSKVKHALPFEGMLPDFGSPVIEGTKPAYKFKSLVSTLENILKGYDNQVIMNASLQQLIEVLRNPKLPYSEWKLHISALHSRLPAKLDEQMEELVARSLRRGAVFPARQLSKLIDMAVKNPEYNPDKLLGAVVEPLADIAHKYSNGLEAHEHSIFVHFLEEYYEVEKLFNGPNVREENIILKLRDENPKDLDKVALTVLSHSKVSAKNNLILAILKHYQPLCKLSSKVSAIFSTPLQHIVELESKATAKVALQAREILIQGALPSVKERTEQIEHILKSSVVKVAYGSSNPKRSEPDLNILKDLIDSNYVVFDVLLQFLTHQDPVVTAAAAQVYIRRAYRAYTIGDIRVHEGVTVPIVEWKFQLPSAAFSTFPTVKSKMGMNRAVSVSDLSYVANSQSSPLREGILMAVDHLDDVDEILSQSLEVIPRHQSSSNGPAPDRSGSSASLSNVANVCVASTEGFESEEEILVRLREILDLNKQELINASIRRITFMFGFKDGSYPKYYTFNGPNYNENETIRHIEPALAFQLELGRLSNFNIKPIFTDNRNIHVYEAVSKTSPLDKRFFTRGIIRTGHIRDDISIQEYLTSEANRLMSDILDNLEVTDTSNSDLNHIFINFIAVFDISPEDVEAAFGGFLERFGKRLLRLRVSSAEIRIIIKDPQTGAPVPLRALINNVSGYVIKTEMYTEVKNAKGEWVFKSLGKPGSMHLRPIATPYPVKEWLQPKRYKAHLMGTTYVYDFPELFRQASSSQWKNFSADVKLTDDFFISNELIEDENGELTEVEREPGANAIGMVAFKITVKTPEYPRGRQFVVVANDITFKIGSFGPQEDEFFNKVTEYARKRGIPRIYLAANSGARIGMAEEIVPLFQVAWNDAANPDKGFQYLYLTSEGMETLKKFDKENSVLTERTVINGEERFVIKTIIGSEDGLGVECLRGSGLIAGATSRAYHDIFTITLVTCRSVGIGAYLVRLGQRAIQVEGQPIILTGAPAINKMLGREVYTSNLQLGGTQIMYNNGVSHLTAVDDLAGVEKIVEWMSYVPAKRNMPVPILETKDTWDRPVDFTPTNDETYDVRWMIEGRETESGFEYGLFDKGSFFETLSGWAKGVVVGRARLGGIPLGVIGVETRTVENLIPADPANPNSAETLIQEPGQVWHPNSAFKTAQAINDFNNGEQLPMMILANWRGFSGGQRDMFNEVLKYGSFIVDALVDYKQPIIIYIPPTGELRGGSWVVVDPTINADQMEMYADVNARAGVLEPQGMVGIKFRREKLLDTMNRLDDKYRELRSQLSNKSLAPEVHQQISKQLADRERELLPIYGQISLQFADLHDRSSRMVAKGVISKELEWTEARRFFFWRLRRRLNEEYLIKRLSHQVGEASRLEKIARIRSWYPASVDHEDDRQVATWIEENYKTLDDKLKGLKLESFAQDLAKKIRSDHDNAIDGLSEVIKMLSTDDKEKLLKTLK,2047,FALSE,FALSE,33,FALSE
DP00575,MKLAPYILELLTSVNRTNGT,,,,P77072,MKLAPYILELLTSVNRTNGTADLLVPLLRELAKGRPVSRTTLAGILDWPAERVAAVLEQATSTEYDKDGNIIGYGLTLRETSYVFEIDDRRLYAWCALDTLIFPALIGRTARVSSHCAATGAPVSLTVSPSEIQAVEPAGMAVSLVLPQEAADVRQSFCCHVHFFASVPTAEDWASKHQGLEGLAIVSVHEAFGLGQEFNRHLLQTMSSRTP,0,TRUE,FALSE,20,TRUE
DP00611,RTSIPNAASEEGDEDDWASN,,,,P30291,MSFLSRQQPPPPRRAGAACTLRQKLIFSPCSDCEEEEEEEEEEGSGHSTGEDSAFQEPDSPLPPARSPTEPGPERRRSPGPAPGSPGELEEDLLLPGACPGADEAGGGAEGDSWEEEGFGSSSPVKSPAAPYFLGSSFSPVRCGGPGDASPRGCGARRAGEGRRSPRPDHPGTPPHKTFRKLRLFDTPHTPKSLLSKARGIDSSSVKLRGSSLFMDTEKSGKREFDVRQTPQVNINPFTPDSLLLHSSGQCRRRKRTYWNDSCGEDMEASDYELEDETRPAKRITITESNMKSRYTTEFHELEKIGSGEFGSVFKCVKRLDGCIYAIKRSKKPLAGSVDEQNALREVYAHAVLGQHSHVVRYFSAWAEDDHMLIQNEYCNGGSLADAISENYRIMSYFKEAELKDLLLQVGRGLRYIHSMSLVHMDIKPSNIFISRTSIPNAASEEGDEDDWASNKVMFKIGDLGHVTRISSPQVEEGDSRFLANEVLQENYTHLPKADIFALALTVVCAAGAEPLPRNGDQWHEIRQGRLPRIPQVLSQEFTELLKVMIHPDPERRPSAMALVKHSVLLSASRKSAEQLRIELNAEKFKNSLLQKELKKAQMAKAAAEERALFTDRMATRSTTQSNRTSRLIGKKMNRSVSLTIY,435,FALSE,FALSE,20,FALSE
DP00622,MSATAATVPPAAPAGEGGPPAPPPNLTSNRRLQQT,,,,P63045,MSATAATVPPAAPAGEGGPPAPPPNLTSNRRLQQTQAQVDEVVDIMRVNVDKVLERDQKLSELDDRADALQAGASQFETSAAKLKRKYWWKNLKMMIILGVICAIILIIIIVYFST,0,TRUE,FALSE,35,TRUE
DP00628,GIHKQKEKSRLQGGVLVNEILNHMKRATQIPSYKKLIMY,,,,P15309,MRAAPLLLARAASLSLGFLFLLFFWLDRSVLAKELKFVTLVFRHGDRSPIDTFPTDPIKESSWPQGFGQLTQLGMEQHYELGEYIRKRYRKFLNESYKHEQVYIRSTDVDRTLMSAMTNLAALFPPEGVSIWNPILLWQPIPVHTVPLSEDQLLYLPFRNCPRFQELESETLKSEEFQKRLHPYKDFIATLGKLSGLHGQDLFGIWSKVYDPLYCESVHNFTLPSWATEDTMTKLRELSELSLLSLYGIHKQKEKSRLQGGVLVNEILNHMKRATQIPSYKKLIMYSAHDTTVSGLQMALDVYNGLLPPYASCHLTELYFEKGEYFVEMYYRNETQHEPYPLMLPGCSPSCPLERFAELVGPVIPQDWSTECMTTNSHQGTEDSTD,247,FALSE,FALSE,39,FALSE
DP00718,DMNSLMMGEDKIKFKHITPL,,,,P37231,MGETLGDSPIDPESDSFTDTLSANISQEMTMVDTEMPFWPTNFGISSVDLSVMEDHSHSFDIKPFTTVDFSSISTPHYEDIPFTRTDPVVADYKYDLKLQEYQSAIKVEPASPPYYSEKTQLYNKPHEEPSNSLMAIECRVCGDKASGFHYGVHACEGCKGFFRRTIRLKLIYDRCDLNCRIHKKSRNKCQYCRFQKCLAVGMSHNAIRFGRMPQAEKEKLLAEISSDIDQLNPESADLRALAKHLYDSYIKSFPLTKAKARAILTGKTTDKSPFVIYDMNSLMMGEDKIKFKHITPLQEQSKEVAIRIFQGCQFRSVEAVQEITEYAKSIPGFVNLDLNDQVTLLKYGVHEIIYTMLASLMNKDGVLISEGQGFMTREFLKSLRKPFGDFMEPKFEFAVKFNALELDDSDLAIFIAVIILSGDRPGLLNVKPIEDIQDNLLQALELQLKLNHPESSQLFAKLLQKMTDLRQIVTEHVQLLQVIKKTETDMSLHPLLQEIYKDLY,278,FALSE,FALSE,20,FALSE
DP00719,MEAENAGSYSLQQAQAFYTFPFQQLMAEAPNMAVVNEQQMPEEVPAPAPA,,,,Q13569,MEAENAGSYSLQQAQAFYTFPFQQLMAEAPNMAVVNEQQMPEEVPAPAPAQEPVQEAPKGRKRKPRTTEPKQPVEPKKPVESKKSGKSAKSKEKQEKITDTFKVKRKVDRFNGVSEAELLTKTLPDILTFNLDIVIIGINPGLMAAYKGHHYPGPGNHFWKCLFMSGLSEVQLNHMDDHTLPGKYGIGFTNMVERTTPGSKDLSSKEFREGGRILVQKLQKYQPRIAVFNGKCIYEIFSKEVFGVKVKNLEFGLQPHKIPDTETLCYVMPSSSARCAQFPRAQDKVHYYIKLKDLRDQLKGIERNMDVQEVQYTFDLQLAQEDAKKMAVKEEKYDPGYEAAYGGAYGENPCSSEPCGFSSNGLIESVELRGESAFSGIPNGQWMTQSFTDQIPSFSNHCGTQEQEEESHA,0,TRUE,FALSE,50,TRUE
DP00720,KKKKEKKSEKKEKKEKKHKEKERTKKPSKKKKDSGK,,,,Q05344,MTDSLEYNDINAEVRGVLCSGRLKMTEQNIIFKNTKTGKVEQISAEDIDLINSQKFVGTWGLRVFTKGGVLHRFTGFRDSEHEKLGKFIKAAYSQEMVEKEMCVKGWNWGTARFMGSVLSFDKESKTIFEVPLSHVSQCVTGKNEVTLEFHQNDDAPVGLLEMRFHIPAVESAEEDPVDKFHQNVMSKASVISASGESIAIFREIQILTPRGRYDIKIFSTFFQLHGKTFDYKIPMDSVLRLFMLPHKDSRQMFFVLSLDPPIKQGQTRYHYLVLLFAPDEETTIELPFSEAELRDKYEGKLEKEISGPVYEVMGKVMKVLIGRKITGPGNFIGHSGTAAVGCSFKAAAGYLYPLERGFIYIHKPPLHIRFEEISSVNFARSGGSTRSFDFEVTLKNGTVHIFSSIEKEEYAKLFDYITQKKLHVSNMGKDKSGYKDVDFGDSDNENEPDAYLARLKAEAREKEEDDDDGDSDEESTDEDFKPNENESDVAEEYDSNVESDSDDDSDASGGGGDSDGAKKKKEKKSEKKEKKEKKHKEKERTKKPSKKKKDSGKPKRATTAFMLWLNDTRESIKRENPGIKVTEIAKKGGEMWKELKDKSKWEDAAAKDKQRYHDEMRNYKPEAGGDSDNEKGGKSSKKRKTEPSPSKKANTSGSGFKSKEYISDDDSTSSDDEKDNEPAKKKSKPPSDGDAKKKKAKSESEPEESEEDSNASDEDEEDEASD,518,FALSE,FALSE,36,FALSE
DP00764,DRRIPGTAEENLQKSSGGVP,,,,O89467,MLNLADRRIPGTAEENLQKSSGGVPGQNTGGQEARPNYHCQLCFLRSLGIDYLDASLRKKNKQRLKAIQQGRQPQYLL,5,FALSE,FALSE,20,FALSE
DP00768,HSSRPSQNIAAGLESPDQQAGAQILGQCGTGGSDEPSEPSRAEDPGPGPW,,,,Q28181-4,MLGWVQRVLPQPPGTPQKTKQEEEGTEPEPELEPKPETAPEETELEEVSLPPEEPCVGKEVAAVTLGPQGTQETALTPPTSLQAQVSVAPEAHSSPRGWVLTWLRKGVEKVVPQPAHSSRPSQNIAAGLESPDQQAGAQILGQCGTGGSDEPSEPSRAEDPGPGPWLLRWFEQNLEKMLPQPPKISEGWRDEPTDAALGPEPPGPALEIKPMLQAQESPSLPAPGPPEPEEEPIPEPQPTIQASSLPPPQDSARLMAWILHRLEMALPQPVIRGKGGEQESDAPVTCDVQTISILPGEQEESHLILEEVDPHWEEDEHQEGSTSTSPRTSEAAPADEEKGEVVEQTPRELPRIQEEKEDEEEEKEDGEEEEEEGREKEEEEGEEKEEEEGREKEEEEGEKKEEEGREKEEEEGGEKEDEEGREKEEEEGRGKEEEEGGEKEEEEGRGKEEVEGREEEEDEEEEQDHSVLLDSYLVPQSEEDQSEESETQDQSEVGGAQTQGEVGGAQALSEESETQDQSEVGGAQDQSEVGGAQAQGEVGGAQEQDGVGGAQDQSTSHQELQEEALADSSGGSFQMSPFEALQECEALKR,116,FALSE,FALSE,50,FALSE
DP00778,MDFTAKIKELERELSETSDYKTLQKKTISL,,,,P46670,MDFTAKIKELERELSETSDYKTLQKKTISLRSELNTLSHSLTSYEKEHFSNDIENVLKSINAKLSESKGKKRLFSFKQKNSSSAVHKNVERTELANAPAYTTTLKKHYVLEKGDSAFENLEFCTVTSTTDYSGNSALSGSLCFRNITKCVINLQRIFFQTGSIFITDCTDSIIFLRSPSDKDFQIRLRDLKNCKILIEKLSPSIDCKQVVIIENCHKCIFNASTRDHLIIQDFSNPFQSEETEDNSAFAFEDFDICNKDTMQLFRAYL,0,TRUE,FALSE,30,TRUE
DP00809,AAPEKKESKPRKPKAAQVSEEASTPQGFNTLKDKLEEWIEMSNRKDLIKK,,,,P80870,MAAKFEVGSVYTGKVTGLQAYGAFVALDEETQGLVHISEVTHGFVKDINEHLSVGDEVQVKVLAVDEEKGKISLSIRATQAAPEKKESKPRKPKAAQVSEEASTPQGFNTLKDKLEEWIEMSNRKDLIKK,80,FALSE,TRUE,50,TRUE
DP00858,VGAANNQNPAAEDKGATTPASKEEAKKSEAAAKNAGKAAGKALPKTSAVK,,,,A8AZZ3,MKKVLLSSVVALTLFAAAAPVFSADEATDAARNNDGAYYLQTQFTNADKVNEYLAQHDGEIRAEAAADPAVVAAKAALDAVEGGSHNYGEVKAAYEAAFNNAFNAVRNKYVQQFQATYNNATEQEGKTYIQGETPEQANARYLKRVGAANNQNPAAEDKGATTPASKEEAKKSEAAAKNAGKAAGKALPKTSAVK,145,FALSE,TRUE,50,TRUE
DP00872,SGVNKSDKKVTPTEEKEQEAVSKSTSPAANSADTPNETGKRPLEEEKPPK,,,,P80428,MSNAALQVYGGDEVSAVVIDPGSYTTNIGYSGSDFPQSILPSVYGKYTADEGNKKIFSEQSIGIPRKDYELKPIIENGLVIDWDTAQEQWQWALQNELYLNSNSGIPALLTEPVWNSTENRKKSLEVLLEGMQFEACYLAPTSTCVSFAAGRPNCLVVDIGHDTCSVSPIVDGMTLSKSTRRNFIAGKFINHLIKKALEPKEIIPLFAIKQRKPEFIKKTFDYEVDKSLYDYANNRGFFQECKETLCHICPTKTLEETKTELSSTAKRSIESPWNEEIVFDNETRYGFAEELFLPKEDDIPANWPRSNSGVVKTWRNDYVPLKRTKPSGVNKSDKKVTPTEEKEQEAVSKSTSPAANSADTPNETGKRPLEEEKPPKENNELIGLADLVYSSIMSSDVDLRATLAHNVVLTGGTSSIPGLSDRLMTELNKILPSLKFRILTTGHTIERQYQSWLGGSILTSLGTFHQLWVGKKEYEEVGVERLLNDRFR,327,FALSE,FALSE,50,FALSE
DP00893,IRAPTTMKKFEDSEKAKKPVRSMIETRGEKPKEKAKNSKKKGAKKEG,,,,P08240,MLDFFTIFSKGGLVLWCFQGVSDSCTGPVNALIRSVLLQERGGNNSFTHEALTLKYKLDNQFELVFVVGFQKILTLTYVDKLIDDVHRLFRDKYRTEIQQQSALSLLNGTFDFQNDFLRLLREAEESSKIRAPTTMKKFEDSEKAKKPVRSMIETRGEKPKEKAKNSKKKGAKKEGSDGPLATSKPVPAEKSGLPVGPENGVELSKEELIRRKREEFIQKHGRGMEKSNKSTKSDAPKEKGKKAPRVWELGGCANKEVLDYSTPTTNGTPEAALSEDINLIRGTGSGGQLQDLDCSSSDDEGAAQNSTKPSATKGTLGGMFGMLKGLVGSKSLSREDMESVLDKMRDHLIAKNVAADIAVQLCESVANKLEGKVMGTFSTVTSTVKQALQESLVQILQPQRRVDMLRDIMDAQRRQRPYVVTFCGVNGVGKSTNLAKISFWLLENGFSVLIAACDTFRAGAVEQLRTHTRRLSALHPPEKHGGRTMVQLFEKGYGKDAAGIAMEAIAFARNQGFDVVLVDTAGRMQDNAPLMTALAKLITVNTPDLVLFVGEALVGNEAVDQLVKFNRALADHSMAQTPRLIDGIVLTKFDTIDDKVGAAISMTYITSKPIVFVGTGQTYCDLRSLNAKAVVAALMKA,129,FALSE,FALSE,47,FALSE
DP00897,KKILSMIPGFGGAMPKELSH,,,,Q57565,MLDKLGENLNKALNKLKAAAFVDKKLIKEVIKDIQRALIQADVNVKLVLKMSKEIERRALEEKTPKGLSKKEHIIKIVYEELVKLLGEEAKKLELNPKKQNVILLVGIQGSGKTTTAAKLARYIQKRGLKPALIAADTYRPAAYEQLKQLAEKIHVPIYGDETRTKSPVDIVKEGMEKFKKADVLIIDTAGRHKEEKGLLEEMKQIKEITNPDEIILVIDGTIGQQAGIQAKAFKEAVGEIGSIIVTKLDGSAKGGGALSAVAETKAPIKFIGIGEGIDDLEPFDPKKFISRLLGMGDLESLLEKAEDMVDEKTEESIDAIMRGKFTLNELMTQLEAIENMGSMKKILSMIPGFGGAMPKELSHLTEAKIKKYKVIISSMTKEERENPKIIKASRIRRIARGSGTTENDVREVLRYYETTKNAIDKLRKGKMLRIGGPLGQIMRQLMFKEG,344,FALSE,FALSE,20,FALSE
DP00899,QANVDPIVPNDFKPMKGYGN,,,,P44654,MINMTKQVSKILAGLFTALFAGSLMASDAPAVGKDLTQAAENIPPAFHNAPRQGELPALNYVNQPPMVPHSVANYQVTKNVNQCLNCHSPENSRLSGATRISPTHFMDRDGKVGSSSSPRRYFCLQCHVSQANVDPIVPNDFKPMKGYGN,130,FALSE,TRUE,20,TRUE
DP00912,QEDEDEEEEREKKPAEQAEETAPIEATATKEEEGSS,,,,Q8N4Q1,MSYCRQEGKDRIIFVTKEDHETPSSAELVADDPNDPYEEHGLILPNGNINWNCPCLGGMASGPCGEQFKSAFSCFHYSTEEIKGSDCVDQFRAMQECMQKYPDLYPQEDEDEEEEREKKPAEQAEETAPIEATATKEEEGSS,106,FALSE,TRUE,36,TRUE
DP00929,KKRRQRRRAHQNSQTHQASLSKQPTSQPRGDPTGPKE,,,,P04608,MEPVDPRLEPWKHPGSQPKTACTNCYCKKCCFHCQVCFITKALGISYGRKKRRQRRRAHQNSQTHQASLSKQPTSQPRGDPTGPKE,49,FALSE,TRUE,37,TRUE
DP00949,ILFKDNEKSCQNKESNKDDTKEAKESKENKEVSSPDDLELELENLEINDD,,,,Q9HAU5,MPAERKKPASMEEKDSLPNNKEKDCSERRTVSSKERPKDDIKLTAKKEVSKAPEDKKKRLEDDKRKKEDKERKKKDEEKVKAEEESKKKEEEEKKKHQEEERKKQEEQAKRQQEEEAAAQMKEKEESIQLHQEAWERHHLRKELRSKNQNAPDSRPEENFFSRLDSSLKKNTAFVKKLKTITEQQRDSLSHDFNGLNLSKYIAEAVASIVEAKLKISDVNCAVHLCSLFHQRYADFAPSLLQVWKKHFEARKEEKTPNITKLRTDLRFIAELTIVGIFTDKEGLSLIYEQLKNIINADRESHTHVSVVISFCRHCGDDIAGLVPRKVKSAAEKFNLSFPPSEIISPEKQQPFQNLLKEYFTSLTKHLKRDHRELQNTERQNRRILHSKGELSEDRHKQYEEFAMSYQKLLANSQSLADLLDENMPDLPQDKPTPEEHGPGIDIFTPGKPGEYDLEGGIWEDEDARNFYENLIDLKAFVPAILFKDNEKSCQNKESNKDDTKEAKESKENKEVSSPDDLELELENLEINDDTLELEGGDEAEDLTKKLLDEQEQEDEEASTGSHLKLIVDAFLQQLPNCVNRDLIDKAAMDFCMNMNTKANRKKLVRALFIVPRQRLDLLPFYARLVATLHPCMSDVAEDLCSMLRGDFRFHVRKKDQINIETKNKTVRFIGELTKFKMFTKNDTLHCLKMLLSDFSHHHIEMACTLLETCGRFLFRSPESHLRTSVLLEQMMRKKQAMHLDARYVTMVENAYYYCNPPPAEKTVKKKRPPLQEYVRKLLYKDLSKVTTEKVLRQMRKLPWQDQEVKDYVICCMINIWNVKYNSIHCVANLLAGLVLYQEDVGIHVVDGVLEDIRLGMEVNQPKFNQRRISSAKFLGELYNYRMVESAVIFRTLYSFTSFGVNPDGSPSSLDPPEHLFRIRLVCTILDTCGQYFDRGSSKRKLDCFLVYFQRYVWWKKSLEVWTKDHPFPIDIDYMISDTLELLRPKIKLCNSLEESIRQVQDLEREFLIKLGLVNDKDSKDSMTEGENLEEDEEEEEGGAETEEQSGNESEVNEPEEEEGSDNDDDEGEEEEEENTDYLTDSNKENETDEENTEVMIKGGGLKHVPCVEDEDFIQALDKMMLENLQQRSGESVKVHQLDVAIPLHLKSQLRKGPPLGGGEGEAESADTMPFVMLTRKGNKQQFKILNVPMSSQLAANHWNQQQAEQEERMRMKKLTLDINERQEQEDYQEMLQSLAQRPAPANTNRERRPRYQHPKGAPNADLIFKTGGRRR,480,FALSE,FALSE,50,FALSE
DP00958,KLPVAQYSAPDGVEKSFAPI,,,,P46984,MKLPVAQYSAPDGVEKSFAPIRDDPRYMTTEGRTTGPSDHVLNAGQIDRDKPSEPERTKDGSQLTYLGQLRTQLTGLQDDINEFLTGRMELAKNKKKAGADEKRIQEEINQLLDGGDGDEDAV,1,TRUE,FALSE,20,TRUE
DP00974,QNSARIRQNTREHPSTANTVDRTNHQLENLEAETAPLP,,,,P42866,MDSSAGPGNISDCSDPLAPASCSPAPGSWLNLSHVDGNQSDPCGPNRTGLGGSHSLCPQTGSPSMVTAITIMALYSIVCVVGLFGNFLVMYVIVRYTKMKTATNIYIFNLALADALATSTLPFQSVNYLMGTWPFGNILCKIVISIDYYNMFTSIFTLCTMSVDRYIAVCHPVKALDFRTPRNAKIVNVCNWILSSAIGLPVMFMATTKYRQGSIDCTLTFSHPTWYWENLLKICVFIFAFIMPVLIITVCYGLMILRLKSVRMLSGSKEKDRNLRRITRMVLVVVAVFIVCWTPIHIYVIIKALITIPETTFQTVSWHFCIALGYTNSCLNPVLYAFLDENFKRCFREFCIPTSSTIEQQNSARIRQNTREHPSTANTVDRTNHQLENLEAETAPLP,360,FALSE,TRUE,38,TRUE
DP01023,MPRGFLVKRSKKSTPVSYRV,,,,Q01101,MPRGFLVKRSKKSTPVSYRVRGGEDGDRALLLSPSCGGARAEPPAPSPVPGPLPPPPPAERAHAALAAALACAPGPQPPPQGPRAAHFGNPEAAHPAPLYSPTRPVSREHEKHKYFERSFNLGSPVSAESFPTPAALLGGGGGGGASGAGGGGTCGGDPLLFAPAELKMGTAFSAGAEAARGPGPGPPLPPAAALRPPGKRPPPPTAAEPPAKAVKAPGAKKPKAIRKLHFEDEVTTSPVLGLKIKEGPVEAPRGRAGGAARPLGEFICQLCKEEYADPFALAQHKCSRIVRVEYRCPECAKVFSCPANLASHRRWHKPRPAPAAARAPEPEAAARAEAREAPGGGSDRDTPSPGGVSESGSEDGLYECHHCAKKFRRQAYLRKHLLAHHQALQAKGAPLAPPAEDLLALYPGPDEKAPQEAAGDGEGAGVLGLSASAECHLCPVCGESFASKGAQERHLRLLHAAQVFPCKYCPATFYSSPGLTRHINKCHPSENRQVILLQVPVRPAC,0,TRUE,FALSE,20,TRUE
DP01082,NKTDTIAPTVQSVVSLSPTTIQVVYSESINNKEALDLSNYKIINSSN,,,,Q7X2A1,MKKIFCISIFLSMFFQSCMSWPLLTSLAGLAAGKRGGDSSFFHLLLGNSNPTITRIELSYQDSSIANGTSTALEVTAIFDNGTNQNITDSTYIVPDSQSVVTIQGNRVRGITSGSSIIKAEYNGLYSEQKITVTPAILNSIQVTSLESGILPKGTNRQLSAIGIFSDGSHQDISNDPLIVWSSSNPDLVQVDDSGLASGINLGTAHIRASFQSKQGAEEMTVGDAVLSQIQVTSNNLNIPLGKKQKLTATGIYSDNSNRDISSSVIWNSSNSTIANIQNNGILETADTGIVTVSASTENIIGSVKLIVTPAALVSISVSPTNSTVAKGLQENFKATGIFTDNSNSDITDQVTWDSSNTDILSISNASDSHGLASTLNQGNVKVTASIGGIQGSTDFKVTQEVLTSIEVSPTRTSIAKGLTQKFTAIGIFTDNSKKDITDQVTWNSSSAIVSVSNLDDNKGLGKAHAVGDTTITATLGKVAGKTWLTVVPAVLTSIQINPVNPSLAKGLTQKFTATGIYSDNSNKDITSAVTWFSSDSSIATISNAQKNQGNAYGAATGTTDIKATFGKVSSPVSTLSVTAAKLVEIQITPAAASKAKGLTERFKATGIFTDNSNSDITNQVTWNSSNTDIAEIKNTSGSKGITNTLTPGSSEISAALGSIKSSKVILKVTPAQLISIAVTPINPSVAKGLIRQFKATGTYTDHSVQDVTALATWSSSNPGKAMVNNVTGSVTTVATGNTNIKATIDSISGSSVLNVTPALLTSIEITPTINSITHGLTKQFKATGIFSDKSTQNLTQLVTWISSDPSKIEIENTSGKKGIATASKLGSSNIKAVYKFVQSSPIPITVTDLKLKSITISPSSSSIAKGLTQQFKAIGTFIDGSEQEITNLVTWYSSKSDVAPINNAANAKGLATALSIGSSNISAIYNSISSNKINFNVSAATLDSIKINPVNNNIAKGLTQQYTALGVYSDSTIQDISDSVTWSSSNSSSISISNSTETKGKATALQIGKSKITATYNSISENIDITVSAATLSSISISPINTNINATVSKQFFAMGTYSDGTKADLTSSVTWSSSNKSQSKVSNASKTKGLVTGIASGNSIITATYGSVSGNTILTVNKTDTIAPTVQSVVSLSPTTIQVVYSESINNKEALDLSNYKIINSSNFIGHCSDNTDFNSNSQTADFSLSSIKGSKNTFTITLSHSQILNKSYTLVVNKQGIHDLSSIPNSLSCPNNSDFIGKEQLKLTSAVCNSLNQVIVSFSKPLYSGKEATKSVECSNPSQCESRYKFAGVSSLGSITSVRILDGKVCGGAPADSSKICLTHSLLQSGGQYTIIAANDLNGDGFDNKSWGAIRDSFDQENLQSSPKDRINFIGCGNSPLNFMDGPIVSDPFGDGSDFGFLVDYNNQIYLGPNVKGNQAARFNYDGTFPESIFFSFTQDINATNRASSRDGGIPVPNYVTIGHTGCTLNSADITTGCGPDNEDGRGVFATGSLDKKSHIFIAGSKPKSFNYLYYSSDTDTNLNFKYISMGKITGLATAGTSSIAVLDDRIHVGFAKKNQNLNAPDFGKITFNTSEHNRCAIVNNCEASDGYRGNRFRIDRMPYFGGGSVDVVNYRSYKSDNSSINWGYYVGIDSLFVFKEKLYAANGGFPNSLHNGSIIHSTSANPSPCEGINRCSSWKDTAPRSNPKWHNSPHNNWFSLELTKYRNLIPADKAFSQFAEFNGRLYVTRTICVTKEDHSGLRQSLQTVKGCTDGSYTNRRPQLWKCDPTLTGDTTTCEAEDWSLVGDNGTGFTNFGDNSNHSMTMMVASGSYLYIGFDNENGIQIWRTNLENPGSSSHNWEPIGIGGLRDVTNRQIYSAISGMNFGVNFVYISVGNKNKPVKIYRQQNQ,1118,FALSE,FALSE,47,FALSE
DP01128,KPSACRNLFGPVDHEELTRDLEKHCRDMEEASQRKWNFDFQNHKPLEGKYEWQEVEKGSLPEFYYRPPR,,,,O43806,MSNVRVSNGSPSLERMDARQAEHPKPSACRNLFGPVDHEELTRDLEKHCRDMEEASQRKWNFDFQNHKPLEGKYEWQEVEKGSLPEFYYRPPRPPKGACKVPAQESQDGSGSRPAAPLIGAPANSEDTHLVDPKTDPSDSQTGLAEQCAGIRKRPATD,24,FALSE,FALSE,69,FALSE
DP01327,QTQQEEEEEDEDHGPDDYDEEDEDEVEEEETNRL,,,,Q8IV16,MKALGAVLLALLLFGRPGRGQTQQEEEEEDEDHGPDDYDEEDEDEVEEEETNRLPGGRSRVLLRCYTCKSLPRDERCNLTQNCSHGQTCTTLIAHGNTESGLLTTHSTWCTDSCQPITKTVEGTQVTMTCCQSSLCNVPPWQSSRVQDPTGKGAGGPRGSSETVGAALLLNLLAGLGAMGARRP,20,FALSE,FALSE,34,FALSE
DP01641,GPRSPSYGRSRSRSRSRSRSRSRSNSRSRSYSPRRSRGSPRYSPRHSRSRSRT,,,,Q07955,MSGGGVIRGPAGNNDCRIYVGNLPPDIRTKDIEDVFYKYGAIRDIDLKNRRGGPPFAFVEFEDPRDAEDAVYGRDGYDYDGYRLRVEFPRSGRGTGRGGGGGGGGGAPRGRYGPPSRRSENRVVVSGLPPSGSWQDLKDHMREAGDVCYADVYRDGTGVVEFVRKEDMTYAVRKLDNTKFRSHEGETAYIRVKVDGPRSPSYGRSRSRSRSRSRSRSRSNSRSRSYSPRRSRGSPRYSPRHSRSRSRT,195,FALSE,TRUE,53,TRUE
DP02138,KKEEEDDEEDEEDEEEEEEEEDEDEEEDDDD,,,,P63159,MGKGDPKKPRGKMSSYAFFVQTCREEHKKKHPDASVNFSEFSKKCSERWKTMSAKEKGKFEDMAKADKARYEREMKTYIPPKGETKKKFKDPNAPKRPPSAFFLFCSEYRPKIKGEHPGLSIGDVAKKLGEMWNNTAADDKQPYEKKAAKLKEKYEKDIAAYRAKGKPDAAKKGVVKAEKSKKKKEEEDDEEDEEDEEEEEEEEDEDEEEDDDDE,183,FALSE,TRUE,31,TRUE
DP02143,MRVKGPSSRRKKKKILKLAKGYRGQRSRSYRRAKEAVMRALYYQYRDRKLRKREFRRLW,,,,O67086,MRVKGPSSRRKKKKILKLAKGYRGQRSRSYRRAKEAVMRALYYQYRDRKLRKREFRRLWIARINAAVRAYGLNYSTFINGLKKAGIELDRKILADMAVRDPQAFEQVVNKVKEALQVQ,0,TRUE,FALSE,59,TRUE
E1A,MRHIICHGGVITEEMAASLLDQLIEEVLADNLPPPSHFEP,,,,P03254,MRHIICHGGVITEEMAASLLDQLIEEVLADNLPPPSHFEPPTLHELYDLDVTAPEDPNEEAVSQIFPDSVMLAVQEGIDLLTFPPAPGSPEPPHLSRQPEQPEQRALGPVSMPNLVPEVIDLTCHEAGFPPSDDEDEEGEEFVLDYVEHPGHGCRSCHYHRRNTGDPDIMCSLCYMRTCGMFVYSPVSEPEPEPEPEPEPARPTRRPKLVPAILRRPTSPVSRECNSSTDSCDSGPSNTPPEIHPVVPLCPIKPVAVRVGGRRQAVECIEDLLNESGQPLDLSCKRPRP,0,TRUE,FALSE,40,TRUE
Fibs1NTD,MKPGFSPRGGGFGGRGGFGDRGGRGGRGGFGGGRGRGGGFRGRGRGGGGGGGGGGGGGRGGGGFHSGGNRGRGRGGKRGNQSGKNVMVEP,,,,P22087,MKPGFSPRGGGFGGRGGFGDRGGRGGRGGFGGGRGRGGGFRGRGRGGGGGGGGGGGGGRGGGGFHSGGNRGRGRGGKRGNQSGKNVMVEPHRHEGVFICRGKEDALVTKNLVPGESVYGEKRVSISEGDDKIEYRAWNPFRSKLAAAILGGVDQIHIKPGAKVLYLGAASGTTVSHVSDIVGPDGLVYAVEFSHRSGRDLINLAKKRTNIIPVIEDARHPHKYRMLIAMVDVIFADVAQPDQTRIVALNAHTFLRNGGHFVISIKANCIDSTASAEAVFASEVKKMQQENMKPQEQLTLEPYERDHAVVVGVYRPPPKVKN,0,TRUE,FALSE,90,TRUE
fl,KVSSKRIPYAPSGEIPKFSLQDPPNKKPKV,,,,O60701,MFEIKKICCIGAGYVGGPTCSVIAHMCPEIRVTVVDVNESRINAWNSPTLPIYEPGLKEVVESCRGKNLFFSTNIDDAIKEADLVFISVNTPTKTYGMGKGRAADLKYIEACARRIVQNSNGYKIVTEKSTVPVRAAESIRRIFDANTKPNLNLQVLSNPEFLAEGTAIKDLKNPDRVLIGGDETPEGQRAVQALCAVYEHWVPREKILTTNTWSSELSKLAANAFLAQRISSINSISALCEATGADVEEVATAIGMDQRIGNKFLKASVGFGGSCFQKDVLNLVYLCEALNLPEVARYWQQVIDMNDYQRRRFASRIIDSLFNTVTDKKIAILGFAFKKDTGDTRESSSIYISKYLMDEGAHLHIYDPKVPREQIVVDLSHPGVSEDDQVSRLVTISKDPYEACDGAHAVVICTEWDMFKELDYERIHKKMLKPAFIFDGRRVLDGLHNELQTIGFQIETIGKKVSSKRIPYAPSGEIPKFSLQDPPNKKPKV,464,FALSE,TRUE,30,TRUE
FUS,MASNDYTQQATQSYGAYPTQPGQGYSQQSSQPYGQQSYSGYSQSTDTSGYGQSSYSSYGQSQNTGYGTQSTPQGYGSTGGYGSSQSSQSSYGQQSSYPGYGQQPAPSSTSGSYGSSSQSSSYGQPQSGSYSQQPSYGGQQQSYGQQQSYNPPQGYGQQNQYNS,,,,P35637,MASNDYTQQATQSYGAYPTQPGQGYSQQSSQPYGQQSYSGYSQSTDTSGYGQSSYSSYGQSQNTGYGTQSTPQGYGSTGGYGSSQSSQSSYGQQSSYPGYGQQPAPSSTSGSYGSSSQSSSYGQPQSGSYSQQPSYGGQQQSYGQQQSYNPPQGYGQQNQYNSSSGGGGGGGGGGNYGQDQSSMSSGGGSGGGYGNQDQSGGGGSGGYGQQDRGGRGRGGSGGGGGGGGGGYNRSSGGYEPRGRGGGRGGRGGMGGSDRGGFNKFGGPRDQGSRHDSEQDNSDNNTIFVQGLGENVTIESVADYFKQIGIIKTNKKTGQPMINLYTDRETGKLKGEATVSFDDPPSAKAAIDWFDGKEFSGNPIKVSFATRRADFNRGGGNGRGGRGRGGPMGRGGYGGGGSGGGGRGGFPSGGGGGGGQQRAGDWKCPNPTCENMNFSWRNECNQCKAPKPDGPGGGPGGSHMGGNYGDDRRGGRGGYDRGGYRGRGGDRGGFRGGRGGGDRGGFGPGKMDSRGEHRQDRRERPY,0,TRUE,FALSE,163,TRUE
NproteinCTD,PTEPKKDKKKKADETQALPQRQKKQQTVTLLPAADLDDFSKQLQQSMSSADSTQA,,,,P0DTC9,MSDNGPQNQRNAPRITFGGPSDSTGSNQNGERSGARSKQRRPQGLPNNTASWFTALTQHGKEDLKFPRGQGVPINTNSSPDDQIGYYRRATRRIRGGDGKMKDLSPRWYFYYLGTGPEAGLPYGANKDGIIWVATEGALNTPKDHIGTRNPANNAAIVLQLPQGTTLPKGFYAEGSRGGSQASSRSSSRSRNSSRNSTPGSSRGTSPARMAGNGGDAALALLLLDRLNQLESKMSGKGQQQQGQTVTKKSAAEASKKPRQKRTATKAYNVTQAFGRRGPEQTQGNFGDQELIRQGTDYKHWPQIAQFAPSASAFFGMSRIGMEVTPSGTWLTYTGAIKLDDKDPNFKDQVILLNKHIDAYKTFPPTEPKKDKKKKADETQALPQRQKKQQTVTLLPAADLDDFSKQLQQSMSSADSTQA,364,FALSE,TRUE,55,TRUE
NproteinLINK,MSDNGPQNQRNAPRITFGGPSDSTGSNQNGERSGARSKQRRPQGLPNNT,,,,P0DTC9,MSDNGPQNQRNAPRITFGGPSDSTGSNQNGERSGARSKQRRPQGLPNNTASWFTALTQHGKEDLKFPRGQGVPINTNSSPDDQIGYYRRATRRIRGGDGKMKDLSPRWYFYYLGTGPEAGLPYGANKDGIIWVATEGALNTPKDHIGTRNPANNAAIVLQLPQGTTLPKGFYAEGSRGGSQASSRSSSRSRNSSRNSTPGSSRGTSPARMAGNGGDAALALLLLDRLNQLESKMSGKGQQQQGQTVTKKSAAEASKKPRQKRTATKAYNVTQAFGRRGPEQTQGNFGDQELIRQGTDYKHWPQIAQFAPSASAFFGMSRIGMEVTPSGTWLTYTGAIKLDDKDPNFKDQVILLNKHIDAYKTFPPTEPKKDKKKKADETQALPQRQKKQQTVTLLPAADLDDFSKQLQQSMSSADSTQA,0,TRUE,FALSE,49,TRUE
NproteinNTD,MSDNGPQNQRNAPRITFGGPSDSTGSNQNGERSGARSKQRRPQGLPNNT,,,,P0DTC9,MSDNGPQNQRNAPRITFGGPSDSTGSNQNGERSGARSKQRRPQGLPNNTASWFTALTQHGKEDLKFPRGQGVPINTNSSPDDQIGYYRRATRRIRGGDGKMKDLSPRWYFYYLGTGPEAGLPYGANKDGIIWVATEGALNTPKDHIGTRNPANNAAIVLQLPQGTTLPKGFYAEGSRGGSQASSRSSSRSRNSSRNSTPGSSRGTSPARMAGNGGDAALALLLLDRLNQLESKMSGKGQQQQGQTVTKKSAAEASKKPRQKRTATKAYNVTQAFGRRGPEQTQGNFGDQELIRQGTDYKHWPQIAQFAPSASAFFGMSRIGMEVTPSGTWLTYTGAIKLDDKDPNFKDQVILLNKHIDAYKTFPPTEPKKDKKKKADETQALPQRQKKQQTVTLLPAADLDDFSKQLQQSMSSADSTQA,0,TRUE,FALSE,49,TRUE
P03520,DNLTKVREYLKSYSRLDQAVGEIDEIEAQRAEKSNYELFQEDGVEEHTKPSYFQAADDS,,,,P03520,MDNLTKVREYLKSYSRLDQAVGEIDEIEAQRAEKSNYELFQEDGVEEHTKPSYFQAADDSDTESEPEIEDNQGLYAQDPEAEQVEGFIQGPLDDYADEEVDVVFTSDWKPPELESDEHGKTLRLTSPEGLSGEQKSQWLSTIKAVVQSAKYWNLAECTFEASGEGVIMKERQITPDVYKVTPVMNTHPSQSEAVSDVWSLSKTSMTFQPKKASLQPLTISLDELFSSRGEFISVGGDGRMSHKEAILLGLRYKKLYNQARVKYSL,1,TRUE,FALSE,59,TRUE
P15516,DSHAKRHHGYKRKFHEKHHSHRGY,,,,P15516,MKFFVFALILALMLSMTGADSHAKRHHGYKRKFHEKHHSHRGYRSNYLYDN,19,FALSE,FALSE,24,FALSE
p53,MEEPQSDPSVEPPLSQETFSDLWKLLPENNVLSPLPSQAMDDLMLSPDDIEQWFTEDPGPD,,,,P04637,MEEPQSDPSVEPPLSQETFSDLWKLLPENNVLSPLPSQAMDDLMLSPDDIEQWFTEDPGPDEAPRMPEAAPPVAPAPAAPTPAAPAPAPSWPLSSSVPSQKTYQGSYGFRLGFLHSGTAKSVTCTYSPALNKMFCQLAKTCPVQLWVDSTPPPGTRVRAMAIYKQSQHMTEVVRRCPHHERCSDSDGLAPPQHLIRVEGNLRVEYLDDRNTFRHSVVVPYEPPEVGSDCTTIHYNYMCNSSCMGGMNRRPILTIITLEDSSGNLLGRNSFEVRVCACPGRDRRTEEENLRKKGEPHHELPPGSTKRALPNNTSSSPQPKKKPLDGEYFTLQIRGRERFEMFRELNEALELKDAQAGKEPGGSRAHSSHLKSKKGQSTSRHKKLMFKTEGPDSD,0,TRUE,FALSE,61,TRUE
Pdomain,YQQATAAAAAAAAGMPGQFMPPMFYGVMPPRGVPFNGPNPQQMNPMGGMPKNGMPPQFRNGPVYGVPPQGGFPRNANDNNQFYQ,,,,P04147,MADITDKTAEQLENLNIQDDQKQAATGSESQSVENSSASLYVGDLEPSVSEAHLYDIFSPIGSVSSIRVCRDAITKTSLGYAYVNFNDHEAGRKAIEQLNYTPIKGRLCRIMWSQRDPSLRKKGSGNIFIKNLHPDIDNKALYDTFSVFGDILSSKIATDENGKSKGFGFVHFEEEGAAKEAIDALNGMLLNGQEIYVAPHLSRKERDSQLEETKAHYTNLYVKNINSETTDEQFQELFAKFGPIVSASLEKDADGKLKGFGFVNYEKHEDAVKAVEALNDSELNGEKLYVGRAQKKNERMHVLKKQYEAYRLEKMAKYQGVNLFVKNLDDSVDDEKLEEEFAPYGTITSAKVMRTENGKSKGFGFVCFSTPEEATKAITEKNQQIVAGKPLYVAIAQRKDVRRSQLAQQIQARNQMRYQQATAAAAAAAAGMPGQFMPPMFYGVMPPRGVPFNGPNPQQMNPMGGMPKNGMPPQFRNGPVYGVPPQGGFPRNANDNNQFYQQKQRQALGEQLYKKVSAKTSNEEAAGKITGMILDLPPQEVFPLLESDELFEQHYKEASAAYESFKKEQEQQTEQA,418,FALSE,FALSE,84,FALSE
pro,KVSSKRISYASSGEISKFSLQDSSNKKSKV,,,,,,,FALSE,FALSE,30,FALSE
puma_wildfull,VEEEEWAREIGAQLRRIADDLNAQYERRRQEEQH,,,,Q99ML1,MARARQEGSSPEPVEGLARDSPRPFPLGRLMPSAVSCSLCEPGLPAAPAAPALLPAAYLCAPTAPPAVTAALGGPRWPGGHRSRPRGPRPDGPQPSLSPAQQHLESPVPSAPEALAGGPTQAAPGVRVEEEEWAREIGAQLRRMADDLNAQYERRRQEEQHRHRPSPWRVMYNLFMGLLPLPRDPGAPEMEPN,-1,FALSE,FALSE,34,FALSE
Q02199,GCQTSRGLFGNNNTNNINNSSSGMNNASAGLFGSKPCA,,,,Q02199,MFGLNKASSTPAGGLFGQASGASTGNANTGFSFGGTQTGQNTGPSTGGLFGAKPAGSTGGLGASFGQQQQQSQTNAFGGSATTGGGLFGNKPNNTANTGGGLFGANSNSNSGSLFGSNNAQTSRGLFGNNNTNNINNSSSGMNNASAGLFGSKPAGGTSLFGNTSTSSAPAQNQGMFGAKPAGTSLFGNNAGNTTTGGGLFGSKPTGATSLFGSSNNNNNNNNSNNIMSASGGLFGNQQQQLQQQPQMQCALQNLSQLPITPMTRISELPPQIRQEIEQLDQYIQKQVQISHHLKADTIDHDELIDSIPRDVAYLLKSESATSQYLKQDLKKISSFKSLIDEDLLDTQTFSVLLQQLLTPGSKISSNDLDKFFQKKIHLYEKKLEDYCRILSDIETAVNGIDTDLFGAPNNPNSTAITADLGSSEAENLLQLKTGLAAIVSTVIEEFTLFMDIAERIAVLHQKTKTLASLSI,-1,FALSE,FALSE,38,FALSE
Q03281,ACETNKRKREQISTDNEAKMQIQEEKSPKKKRKKRSSKANKPPECA,,,,Q03281,MDHRNLDPKTLKVSQLRRVLVENDVAFPANARKPVLVKLFEEKVRQRLQSSPEASKVRTSIQKVVKSGAKNADRKKTLKSKKLESSSSESKTVKDENVETNKRKREQISTDNEAKMQIQEEKSPKKKRKKRSSKANKPPESPPQSKSDGKATSADLTSELETVEELHKKDSSDDKPRVKELPKPELPNLKVSNEFLAQLNKELASAATENYDHSIKSTDLSSIRIETEEPVGPSTGAETRNESEVMENINLEVQPEVKEAKEELTKISETFDNQDEEDTSRLSSKKNIRSPKGRTRHFIANKTKRGIDIMKPFIAHLFIWLWNGAIFLSIICPILFGLWYREQRIQVGYCGHEKPLKSLAISAFPQTERVDSVLQAYRPNCLECPEHGICSSFMNVECEPGYEPKSSILETYGIIPFPKYCAKDESKEKEVDELVWKVNEYLKKKNAQHECGEGENLFESGETETKLYDIFSHSRPSWESQREFNDHWKNVLEILKKKDDIIWLPLDFETNGKREKSKSNNTNYIYRSTSKKWVTLQCHLEGDIQEYITKYGGSLFITLGVLFLIKKIQSTLDNYVQGEQIIEKLVKEAIDKLKDVKKNKGEEPFLTTVQLRATLLSDIPNIKEQNNLWAQTKEKIMKEQSENIELYLLEENGEIMTCWEWKE,-1,FALSE,FALSE,46,FALSE
Q16236_tail,EDGKPYSPSEYSLQQTRDGNVFLVPKSKKPDVKKN,,,,Q16236,MMDLELPPPGLPSQQDMDLIDILWRQDIDLGVSREVFDFSQRRKEYELEKQKKLEKERQEQLQKEQEKAFFAQLQLDEETGEFLPIQPAQHIQSETSGSANYSQVAHIPKSDALYFDDCMQLLAQTFPFVDDNEVSSATFQSLVPDIPGHIESPVFIATNQAQSPETSVAQVAPVDLDGMQQDIEQVWEELLSIPELQCLNIENDKLVETTMVPSPEAKLTEVDNYHFYSSIPSMEKEVGNCSPHFLNAFEDSFSSILSTEDPNQLTVNSLNSDATVNTDFGDEFYSAFIAEPSISNSMPSPATLSHSLSELLNGPIDVSDLSLCKAFNQNHPESTAEFNDSDSGISLNTSPSVASPEHSVESSSYGDTLLGLSDSEVEELDSAPGSVKQNGPKTPVHSSGDMVQPLSPSQGQSTHVHDAQCENTPEKELPVSPGHRKTPFTKDKHSSRLEAHLTRDELRAKALHIPFPVEKIINLPVVDFNEMMSKEQFNEAQLALIRDIRRRGKNKVAAQNCRKRKLENIVELEQDLDHLKDEKEKLLKEKGENDKSLHLLKKQLSTLYLEVFSMLRDEDGKPYSPSEYSLQQTRDGNVFLVPKSKKPDVKKN,570,FALSE,TRUE,35,TRUE
Q8B9Q8,MSFPEGKDILFMGNEAAKLAEAFQKSLRKPSHKRSQSIIGEKVNTVSETLELPTISRPTKP,,,,Q8B9Q8,MSFPEGKDILFMGNEAAKLAEAFQKSLRKPSHKRSQSIIGEKVNTVSETLELPTISRPTKPTILSEPKLAWTDKGGAIKTEAKQTIKVMDPIEEEEFTEKRVLPSSDGKTPAEKKLKPSTNTKKKVSFTPNEPGKYTKLEKDALDLLSDNEEEDAESSILTFEERDTSSLSIEARLESIEEKLSMILGLLRTLNIATAGPTAARDGIRDAMIGIREELIADIIKEAKGKAAEMMEEEMNQRTKIGNGSVKLTEKAKELNKIVEDESTSGESEEEEELKDTQENNQEDDIYQLIM,0,TRUE,FALSE,61,TRUE
r1,KPSKSPKSISPKPALDPGFPYVNREQKVKI,,,,,,,FALSE,FALSE,30,FALSE
r2,DKKPYVFLSPNPKSPIKVQKKPSEAGRPIS,,,,,,,FALSE,FALSE,30,FALSE
SurviCV1,RSKGRDFVHSVQETHSQLLGSWDPWEEPEDAAPVAPSVPASGYPELPTPRREVQSESAQEPGARDVEAQLRRLQEERT,,,,Q96CA5,MGPKDSAKCLHRGPQPSHWAAGDGPTQERCGPRSLGSPVLGLDTCRAWDHVDGQILGQLRPLTEEEEEEGAGATLSRGPAFPGMGSEELRLASFYDWPLTAEVPPELLAAAGFFHTGHQDKVRCFFCYGGLQSWKRGDDPWTEHAKWFPSCQFLLRSKGRDFVHSVQETHSQLLGSWDPWEEPEDAAPVAPSVPASGYPELPTPRREVQSESAQEPGGVSPAEAQRAWWVLEPPGARDVEAQLRRLQEERTCKVCLDRAVSIVFVPCGHLVCAECAPGLQLCPICRAPVRSRVRTFLS,-1,FALSE,FALSE,78,FALSE
SurviCV2,RSKGRDFVHSVQETHSQLLGSWDPWEEPEDAAPVAPSVPASGYPELPTPRREVQSESAQEPGGVSPAEAQRAWWVLEPPGARDVEAQLRRLQEERT,,,,Q96CA5,MGPKDSAKCLHRGPQPSHWAAGDGPTQERCGPRSLGSPVLGLDTCRAWDHVDGQILGQLRPLTEEEEEEGAGATLSRGPAFPGMGSEELRLASFYDWPLTAEVPPELLAAAGFFHTGHQDKVRCFFCYGGLQSWKRGDDPWTEHAKWFPSCQFLLRSKGRDFVHSVQETHSQLLGSWDPWEEPEDAAPVAPSVPASGYPELPTPRREVQSESAQEPGGVSPAEAQRAWWVLEPPGARDVEAQLRRLQEERTCKVCLDRAVSIVFVPCGHLVCAECAPGLQLCPICRAPVRSRVRTFLS,155,FALSE,FALSE,96,FALSE
SurviNTD,MGPKDSAKCLHRGPQPSHWAAGDGPTQERCGPRSLGSPVLGLDTCRAWDHVDGQILGQLRPLTEEEEEEGAGATLSRGPAFPGMGSEEL,,,,Q96CA5,MGPKDSAKCLHRGPQPSHWAAGDGPTQERCGPRSLGSPVLGLDTCRAWDHVDGQILGQLRPLTEEEEEEGAGATLSRGPAFPGMGSEELRLASFYDWPLTAEVPPELLAAAGFFHTGHQDKVRCFFCYGGLQSWKRGDDPWTEHAKWFPSCQFLLRSKGRDFVHSVQETHSQLLGSWDPWEEPEDAAPVAPSVPASGYPELPTPRREVQSESAQEPGGVSPAEAQRAWWVLEPPGARDVEAQLRRLQEERTCKVCLDRAVSIVFVPCGHLVCAECAPGLQLCPICRAPVRSRVRTFLS,0,TRUE,FALSE,89,TRUE