Protein,Directory,Sequence,Resitype,Psivalue,Repeats,Uniprot,Uniprot_seq,location,N_terminal,C_terminal,C_terminal_test,length,terminal
A1LCD,F:\DATA_F\PDB_1009\A1LCD-summary,GSMASASSSQRGRSGSGNFGGGRGGGFGGNDNFGRGGNFSGRGGFGGSRGGGGYGGSGDGYNGFGNDGSNFGGGGSYNDFGNYNNQSSNFGPMKGGNFGGRSSGPYGGGGQYFAKPRNQGGYGGSSSSSSYGSGRRF,['BB'],"['-1', '-2', '-3', '0', '1', '2', '3']",5,P09651,MSKSESPKEPEQLRKLFIGGLSFETTDESLRSHFEQWGTLTDCVVMRDPNTKRSRGFGFVTYATVEEVDAAMNARPHKVDGRVVEPKRAVSREDSQRPGAHLTVKKIFVGGIKEDTEEHHLRDYFEQYGKIEVIEIMTDRGSGKKRGFAFVTFDDHDSVDKIVIQKYHTVNGHNCEVRKALSKQEMASASSSQRGRSGSGNFGGGRGGGFGGNDNFGRGGNFSGRGGFGGSRGGGGYGGSGDGYNGFGNDGGYGGGGPGYSGGSRGYGSGGQGYGNQGSGYGGSGSYDSYNNGGGGGFGGGSGSNFGGGGSYNDFGNYNNQSSNFGPMKGGNFGGRSSGPYGGGGQYFAKPRNQGGYGGSSSSSSYGSGRRF,-1.0,False,False,235.0,137,False
Ash1,F:\DATA_F\PDB_1009\Ash1-summary,GASASSSPSPSTPTKSGKMRSRSSSPVRPKAYTPSPRSPNYHRFALDSPPQSPRRSSNSSITKKGSRRSSGSSPTRHTTRVCV,['BB'],"['-1', '-2', '-3', '0', '1', '2', '3']",5,P34233,MSSLYIKTPLHALSAGPDSHANSSYYDNLLLPSFSNLSSNISRNNITTDNNINSASPRKYSFHSLNVSPILSPISLANEILGKKSNTAPASPHHMDYNPISSLTPGNSPEFNKASLSQISFTNPLNYGSGLGFSSNSQPRLPLLDRLSSVSLSKRPERPQQSLPSLRHLQLLPSPLLQENAARFPDTSKRTSNWKTDLTHWCKDTNYQDYVKIREEVAHFKPLSIPNLTNNQNNDSFNYGKELESTRSSKFHSPSKESFDRTKLIPSILEAKDQFKDLSNNAWSITPPVTPPMSPPTNRTMERTTLRGVEASFFEGKSSNNDSIFNPIISEKLVQEVKHQRQLRGNSFPMPNASHKKTNSFKALQIKKLLANRDILSNNSKSNVRKPSKNKISKQASNVFGNTARQLVMKLDNASYSSVSASSSPSPSTPTKSGKMRSRSSSPVRPKAYTPSPRSPNYHRFALDSPPQSPRRSSNSSITKKGSRRSSGSSPTRHTTRVCVSCHSSDSPCWRPSWSPRKQDQLCNSCGLRYKKTHTRCLNDLCRKIPTKGEINIMKSNGIDKEFVPERNCEIEGYRCLFCNYITETVEN,-1.0,False,False,505.0,83,False
At1g54410_dehydrin,F:\DATA_F\PDB_1009\At1g54410_dehydrin-summary,MAGLINKIGDALHIGGGNKEGEHKKEEEHKKHVDEHKSGEHKEGIVDKIKDKIHGGEGKSHDGEGKSHDGEKKKKKDKKEKKHHDDGHHSSSSDSDSD,['BB'],"['1', '3', '0.5', '2', '0', '-0.5', '-1', '-2', '-3']",5,Q9SLJ2,MAGLINKIGDALHIGGGNKEGEHKKEEEHKKHVDEHKSGEHKEGIVDKIKDKIHGGEGKSHDGEGKSHDGEKKKKKDKKEKKHHDDGHHSSSSDSDSD,0.0,True,True,0.0,98,True
At2g23120_PvLEA18,F:\DATA_F\PDB_1009\At2g23120_PvLEA18-summary,MEAGKTPPTTTTTTEKKTEQVKDNDLPTDSPYMATGTLEDYKLKAYGAEGHQEPTPGLGGGSTDAPTPSGDAPAATTTDAKAP,['BB'],"['3', '0', '2', '0.5', '-2', '-1', '-0.5', '1', '-3']",5,Q8S8R1,MEAGKTPPTTTTTTEKKTEQVKDNDLPTDSPYMATGTLEDYKLKAYGAEGHQEPTPGLGGGSTDAPTPSGDAPAATTTDAKAP,0.0,True,True,0.0,83,True
At2g40170_LEA_5,F:\DATA_F\PDB_1009\At2g40170_LEA_5-summary,MASQQEKKQLDERAKKGETVVPGGTGGKSFEAQQHLAEGRSRGGQTRKEQLGTEGYQQMGRKGGLSTGDKPGGEHAEEEGVEIDESKFRTKT,['BB'],"['3', '2', '1', '0.5', '0', '-0.5', '-1', '-3', '-2']",5,Q02973,MASQQEKKQLDERAKKGETVVPGGTGGKSFEAQQHLAEGRSRGGQTRKEQLGTEGYQQMGRKGGLSTGDKPGGEHAEEEGVEIDESKFRTKT,0.0,True,True,0.0,92,True
At2g41280_AtM,F:\DATA_F\PDB_1009\At2g41280_AtM-summary,MGNLMSLVLVALLFSLSLAVIADTSNDATHVKEEVKPSTEATDAIEAEVEVNDAVVEPQQGLPGGGCRFGCCGGYWWNGLCIYCCRSQAEANEVVKTVEPQKEEAKP,['BB'],"['3', '2', '-1', '1', '-2', '-3', '-0.5', '0.5', '0']",5,O81483,MGNLMSLVLVALLFSLSLAVIADTSNDATHVKEEVKPSTEATDAIEAEVEVNDAVVEPQQGLPGGGCRFGCCGGYWWNGLCIYCCRSQAEANEVVKTVEPQKEEAKP,0.0,True,True,0.0,107,True
At4g21020_1,F:\DATA_F\PDB_1009\At4g21020_1-summary,MAAMQLTRTALVGLSKAFPGIKAPATLAASSRKVSRICFATSVSQNEGRDPLDNARDSRADSAYGSKKWREDTGEYYAQAAKDKANEGASKAADKAYETK,['BB'],"['0', '1', '-2', '3', '-1', '-0.5', '0.5', '2', '-3']",5,Q9SUB2,MAAMQLTRTALVGLSKAFPGIKAPATLAASSRKVSRICFATSVSQNEGRDPLDNARDSRADSAYGSKKWREDTGEYYAQAAKDKANEGASKAADKAYETKEQAKDKAYETKEKAKDTAYNAKEKAKDYAERTKDKVNEGAYKAADKAEDTKEKAKDYAEDTMDNAKEKARHAKEKVKEYGEDTKEKAEGFKETVKGKAEELGEKTKETVKGAWESTKNAAQTVTEAVVGPEEDAEKARADMNKGVEDHRKKKAEKDQKEDDFITFN,0.0,True,False,166.0,100,True
At4g21020_2,F:\DATA_F\PDB_1009\At4g21020_2-summary,AKDKANEGASKAADKAYETKEQAKDKAYETKEKAKDTAYNAKEKAKDYAERTKDKVNEGAYKAADKAEDTKEKAKDYAEDTMDNAKEKARHAKEKVKEYG,['BB'],"['-0.5', '3', '0.5', '0', '-1', '2', '1', '-3', '-2']",5,Q9SUB2,MAAMQLTRTALVGLSKAFPGIKAPATLAASSRKVSRICFATSVSQNEGRDPLDNARDSRADSAYGSKKWREDTGEYYAQAAKDKANEGASKAADKAYETKEQAKDKAYETKEKAKDTAYNAKEKAKDYAERTKDKVNEGAYKAADKAEDTKEKAKDYAEDTMDNAKEKARHAKEKVKEYGEDTKEKAEGFKETVKGKAEELGEKTKETVKGAWESTKNAAQTVTEAVVGPEEDAEKARADMNKGVEDHRKKKAEKDQKEDDFITFN,80.0,False,False,166.0,100,False
At4g21020_3,F:\DATA_F\PDB_1009\At4g21020_3-summary,TMDNAKEKARHAKEKVKEYGEDTKEKAEGFKETVKGKAEELGEKTKETVKGAWESTKNAAQTVTEAVVGPEEDAEKARADMNKGVEDHRKKKAEKDQKEDDFITFN,['BB'],"['0.5', '0', '2', '-0.5', '1', '-1', '3', '-2', '-3']",5,Q9SUB2,MAAMQLTRTALVGLSKAFPGIKAPATLAASSRKVSRICFATSVSQNEGRDPLDNARDSRADSAYGSKKWREDTGEYYAQAAKDKANEGASKAADKAYETKEQAKDKAYETKEKAKDTAYNAKEKAKDYAERTKDKVNEGAYKAADKAEDTKEKAKDYAEDTMDNAKEKARHAKEKVKEYGEDTKEKAEGFKETVKGKAEELGEKTKETVKGAWESTKNAAQTVTEAVVGPEEDAEKARADMNKGVEDHRKKKAEKDQKEDDFITFN,160.0,False,True,160.0,106,True
At5g44310_1,F:\DATA_F\PDB_1009\At5g44310_1-summary,MAAMQLTRTVFFGISKAFPKSQAPRTLAVAIGRKSSRVFFASSVNHSKGRYDPVEKARDSRADLAYDSKKWREESGEYAEAGKGKAHKTKEEAKDKAYDM,['BB'],"['2', '1', '-0.5', '-2', '3', '0.5', '-1', '0', '-3']",5,Q6NMC2,MAAMQLTRTVFFGISKAFPKSQAPRTLAVAIGRKSSRVFFASSVNHSKGRYDPVEKARDSRADLAYDSKKWREESGEYAEAGKGKAHKTKEEAKDKAYDMKERTKDYAEQTKNKVNEGASRAADKAYETKEKAKDKAYDVKEKTKDYAEEAKDKVNEGASRAADKAYETKEKAKDKAYDVKEKTKDFAEETKEKVNEGASRAADKAYETKEKAKDKAYDVKEKTKNYAEQTKDKVNEGASRAADKAEETKDKAKDYAEDSKEKAEDMAHGFKEKAQDIGEKTMDTVKDVWETAKSTAQKVTEAVVGSGEEADKARDDVDKGLEDLSKKAKENRNKDDDFKRF,0.0,True,False,242.0,100,True
At5g44310_2,F:\DATA_F\PDB_1009\At5g44310_2-summary,AGKGKAHKTKEEAKDKAYDMKERTKDYAEQTKNKVNEGASRAADKAYETKEKAKDKAYDVKEKTKDYAEEAKDKVNEGASRAADKAYETKEKAKDKAYDV,['BB'],"['0.5', '2', '0', '-0.5', '-2', '3', '-3', '1', '-1']",5,Q6NMC2,MAAMQLTRTVFFGISKAFPKSQAPRTLAVAIGRKSSRVFFASSVNHSKGRYDPVEKARDSRADLAYDSKKWREESGEYAEAGKGKAHKTKEEAKDKAYDMKERTKDYAEQTKNKVNEGASRAADKAYETKEKAKDKAYDVKEKTKDYAEEAKDKVNEGASRAADKAYETKEKAKDKAYDVKEKTKDFAEETKEKVNEGASRAADKAYETKEKAKDKAYDVKEKTKNYAEQTKDKVNEGASRAADKAEETKDKAKDYAEDSKEKAEDMAHGFKEKAQDIGEKTMDTVKDVWETAKSTAQKVTEAVVGSGEEADKARDDVDKGLEDLSKKAKENRNKDDDFKRF,80.0,False,False,242.0,100,False
At5g44310_3,F:\DATA_F\PDB_1009\At5g44310_3-summary,RAADKAYETKEKAKDKAYDVKEKTKDFAEETKEKVNEGASRAADKAYETKEKAKDKAYDVKEKTKNYAEQTKDKVNEGASRAADKAEETKDKAKDYAEDS,['BB'],"['3', '2', '1', '0.5', '0', '-0.5', '-1', '-2', '-3']",5,Q6NMC2,MAAMQLTRTVFFGISKAFPKSQAPRTLAVAIGRKSSRVFFASSVNHSKGRYDPVEKARDSRADLAYDSKKWREESGEYAEAGKGKAHKTKEEAKDKAYDMKERTKDYAEQTKNKVNEGASRAADKAYETKEKAKDKAYDVKEKTKDYAEEAKDKVNEGASRAADKAYETKEKAKDKAYDVKEKTKDFAEETKEKVNEGASRAADKAYETKEKAKDKAYDVKEKTKNYAEQTKDKVNEGASRAADKAEETKDKAKDYAEDSKEKAEDMAHGFKEKAQDIGEKTMDTVKDVWETAKSTAQKVTEAVVGSGEEADKARDDVDKGLEDLSKKAKENRNKDDDFKRF,160.0,False,False,242.0,100,False
At5g44310_4,F:\DATA_F\PDB_1009\At5g44310_4-summary,RAADKAEETKDKAKDYAEDSKEKAEDMAHGFKEKAQDIGEKTMDTVKDVWETAKSTAQKVTEAVVGSGEEADKARDDVDKGLEDLSKKAKENRNKDDDFKRF,['BB'],"['2', '3', '1', '-2', '-0.5', '0', '-1', '0.5', '-3']",5,Q6NMC2,MAAMQLTRTVFFGISKAFPKSQAPRTLAVAIGRKSSRVFFASSVNHSKGRYDPVEKARDSRADLAYDSKKWREESGEYAEAGKGKAHKTKEEAKDKAYDMKERTKDYAEQTKNKVNEGASRAADKAYETKEKAKDKAYDVKEKTKDYAEEAKDKVNEGASRAADKAYETKEKAKDKAYDVKEKTKDFAEETKEKVNEGASRAADKAYETKEKAKDKAYDVKEKTKNYAEQTKDKVNEGASRAADKAEETKDKAKDYAEDSKEKAEDMAHGFKEKAQDIGEKTMDTVKDVWETAKSTAQKVTEAVVGSGEEADKARDDVDKGLEDLSKKAKENRNKDDDFKRF,240.0,False,True,240.0,102,True
cMyc,F:\DATA_F\PDB_1009\cMyc-summary,MPLNVSFTNRNYDLDYDSVQPYFYCDEEENFYQQQQQSELQPPAPSEDIWKKFELLPTPPLSPSRRSGLCSPSYVAVTPFSLRGDNDGGGGSFSTADQLEMVTELLGGDMVNQSFICDPDDETFIKNIIIQDCMWSGFSAAAKLVSEKLA,['BB'],"['-1', '-2', '-3', '0', '1', '2', '3']",5,P01106-1,MPLNVSFTNRNYDLDYDSVQPYFYCDEEENFYQQQQQSELQPPAPSEDIWKKFELLPTPPLSPSRRSGLCSPSYVAVTPFSLRGDNDGGGGSFSTADQLEMVTELLGGDMVNQSFICDPDDETFIKNIIIQDCMWSGFSAAAKLVSEKLASYQAARKDSGSPNPARGHSVCSTSSLYLQDLSAAASECIDPSVVFPYPLNDSSSPKSCASQDSSAFSPSSDSLLSSTESSPQGSPEPLVLHEETPPTTSSDSEEEQEDEEEIDVVSVEKRQAPGKRSESGSPSAGGHSKPPHSPLVLKRCHVSTHQHNYAAPPSTRKDYPAAKRVKLDSVRVLRQISNNRKCTSPRSSDTEENVKRRTHNVLERQRRNELKRSFFALRDQIPELENNEKAPKVVILKKATAYILSVQAEEQKLISEEDLLRKRREQLKHKLEQLRNSCA,0.0,True,False,289.0,150,True
DP00007,F:\DATA_F\PDB_1009\DP00007-summary,MPKRGKKGAVAEDGDELRTEPEAKKSKTAAKKNDKEAAGEGPA,['BB'],"['-1', '-2', '-3', '0', '1', '2', '3']",5,P27695,MPKRGKKGAVAEDGDELRTEPEAKKSKTAAKKNDKEAAGEGPALYEDPPDQKTSPSGKPATLKICSWNVDGLRAWIKKKGLDWVKEEAPDILCLQETKCSENKLPAELQELPGLSHQYWSAPSDKEGYSGVGLLSRQCPLKVSYGIGDEEHDQEGRVIVAEFDSFVLVTAYVPNAGRGLVRLEYRQRWDEAFRKFLKGLASRKPLVLCGDLNVAHEEIDLRNPKGNKKNAGFTPQERQGFGELLQAVPLADSFRHLYPNTPYAYTFWTYMMNARSKNVGWRLDYFLLSHSLLPALCDSKIRSKALGSDHCPITLYLAL,0.0,True,False,275.0,43,True
DP00011,F:\DATA_F\PDB_1009\DP00011-summary,LPEETMDFMVQHTSFKEMKKNPMTNYTTVPQELMDHSISPFMRKGM,['BB'],"['-1', '-2', '-3', '0', '1', '2', '3']",5,P0DMM9,MELIQDTSRPPLEYVKGVPLIKYFAEALGPLQSFQARPDDLLINTYPKSGTTWVSQILDMIYQGGDLEKCNRAPIYVRVPFLEVNDPGEPSGLETLKDTPPPRLIKSHLPLALLPQTLLDQKVKVVYVARNPKDVAVSYYHFHRMEKAHPEPGTWDSFLEKFMAGEVSYGSWYQHVQEWWELSRTHPVLYLFYEDMKENPKREIQKILEFVGRSLPEETMDFMVQHTSFKEMKKNPMTNYTTVPQELMDHSISPFMRKGMAGDWKTTFTVAQNERFDADYAEKMAGCSLSFRSEL,214.0,False,False,249.0,46,False
DP00013,F:\DATA_F\PDB_1009\DP00013-summary,DPRFQDSSSSKAPPPSLPSPSRLPGPSDTPILPQ,['BB'],"['3', '2', '1', '0.5', '-0.5', '0', '-1', '-2', '-3']",5,P0DN86,MEMFQGLLLLLLLSMGGTWASKEPLRPRCRPINATLAVEKEGCPVCITVNTTICAGYCPTMTRVLQGVLPALPQVVCNYRDVRFESIRLPGCPRGVNPVVSYAVALSCQCALCRRSTTDCGGPKDHPLTCDDPRFQDSSSSKAPPPSLPSPSRLPGPSDTPILPQ,131.0,False,True,131.0,34,True
DP00029,F:\DATA_F\PDB_1009\DP00029-summary,RSPDKQAAALPRRERNRQAAAASPENSRGKGRRGQR,['BB'],"['3', '1', '2', '0.5', '0', '-0.5', '-1', '-2', '-3']",5,Q07731,MKLWDVVAVCLVLLHTASAFPLPAGKRLLEAPAEDHSLGHRRVPFALTSDSNMPEDYPDQFDDVMDFIQATIKRLKRSPDKQAAALPRRERNRQAAAASPENSRGKGRRGQRGKNRGCVLTAIHLNVTDLGLGYETKEELIFRYCSGSCEAAETMYDKILKNLSRSRRLTSDKVGQACCRPVAFDDDLSFLDDSLVYHILRKHSAKRCGCI,76.0,False,False,175.0,36,False
DP00048,F:\DATA_F\PDB_1009\DP00048-summary,LEAQEEEEVGFPVTPQVPLR,['BB'],"['3', '2', '1', '0.5', '0', '-3', '-2', '-1', '-0.5']",5,P03406,MGGKWSKSSVVGWPTVRERMRRAEPAADGVGAASRDLEKHGAITSSNTAATNAACAWLEAQEEEEVGFPVTPQVPLRPMTYKAAVDLSHFLKEKGGLEGLIHSQRRQDILDLWIYHTQGYFPDWQNYTPGPGVRYPLTFGWCYKLVPVEPDKVEEANKGENTSLLHPVSLHGMDDPEREVLEWRFDSRLAFHHVARELHPEYFKNC,57.0,False,False,186.0,20,False
DP00055,F:\DATA_F\PDB_1009\DP00055-summary,LLPAGGENGSEATDVSDEVEAAEMEDEAVRSQVQHKPK,['BB'],"['3', '2', '1', '0.5', '0', '-3', '-2', '-1', '-0.5']",5,P10688,MDSGRDFLTLHGLQDDPDLQALLKGSQLLKVKSSSWRRERFYKLQEDCKTIWQESRKVMRSPESQLFSIEDIQEVRMGHRTEGLEKFARDIPEDRCFSIVFKDQRNTLDLIAPSPADAQHWVQGLRKIIHHSGSMDQRQKLQHWIHSCLRKADKNKDNKMNFKELKDFLKELNIQVDDGYARKIFRECDHSQTDSLEDEEIETFYKMLTQRAEIDRAFEEAAGSAETLSVERLVTFLQHQQREEEAGPALALSLIERYEPSETAKAQRQMTKDGFLMYLLSADGNAFSLAHRRVYQDMDQPLSHYLVSSSHNTYLLEDQLTGPSSTEAYIRALCKGCRCLELDCWDGPNQEPIIYHGYTFTSKILFCDVLRAIRDYAFKASPYPVILSLENHCSLEQQRVMARHLRAILGPILLDQPLDGVTTSLPSPEQLKGKILLKGKKLGGLLPAGGENGSEATDVSDEVEAAEMEDEAVRSQVQHKPKEDKLKLVPELSDMIIYCKSVHFGGFSSPGTSGQAFYEMASFSESRALRLLQESGNGFVRHNVSCLSRIYPAGWRTDSSNYSPVEMWNGGCQIVALNFQTPGPEMDVYLGCFQDNGGCGYVLKPAFLRDPNTTFNSRALTQGPWWRPERLRVRIISGQQLPKVNKNKNSIVDPKVIVEIHGVGRDTGSRQTAVITNNGFNPRWDMEFEFEVTVPDLALVRFMVEDYDSSSKNDFIGQSTIPWNSLKQGYRHVHLLSKNGDQHPSATLFVKISIQD,444.0,False,False,718.0,38,False
DP00060,F:\DATA_F\PDB_1009\DP00060-summary,DKFYTPKTRPSGHDIGKSFSKDNGGSIPPNLLQISNSE,['BB'],"['3', '2', '1', '0.5', '0', '-3', '-2', '-1', '-0.5']",5,P11409,MMTLNLQTMSSNDMLNFGKKPAYTTSNGSMYIGDSLELLESFPDESISLVMTSPPFALQRKKEYGNLEQHEYVDWFLSFAKVVNKKLKPDGSFVVDFGGAYMKGVPARSIYNFRVLIRMIDEVGFFLAEDFYWFNPSKLPSPIEWVNKRKIRVKDAVNTVWWFSKTEWPKSDITKVLAPYSDRMKKLIEDPDKFYTPKTRPSGHDIGKSFSKDNGGSIPPNLLQISNSESNGQYLANCKLMGIKAHPARFPAKLPEFFIRMLTEPDDLVVDIFGGSNTTGLVAERESRKWISFEMKPEYVAASAFRFLDNNISEEKITDIYNRILNGESLDLNSII,191.0,False,False,298.0,38,False
DP00067,F:\DATA_F\PDB_1009\DP00067-summary,MFGRDPFDSLFERMFKEFFATPMTGTTMIQSS,['BB'],"['-1', '-2', '-3', '0', '1', '2', '3']",5,Q57733,MFGRDPFDSLFERMFKEFFATPMTGTTMIQSSTGIQISGKGFMPISIIEGDQHIKVIAWLPGVNKEDIILNAVGDTLEIRAKRSPLMITESERIIYSEIPEEEEIYRTIKLPATVKEENASAKFENGVLSVILPKAESSIKKGINIE,0.0,True,False,115.0,32,True
DP00070,F:\DATA_F\PDB_1009\DP00070-summary,EEGAPQEGILEDMPVDPDNEAYEMPSEEGYQDYEPEA,['BB'],"['1', '2', '0.5', '-2', '0', '3', '-0.5', '-1', '-3']",5,P37840,MDVFMKGLSKAKEGVVAAAEKTKQGVAEAAGKTKEGVLYVGSKTKEGVVHGVATVAEKTKEQVTNVGGAVVTGVTAVAQKTVEGAGSIAAATGFVKKDQLGKNEEGAPQEGILEDMPVDPDNEAYEMPSEEGYQDYEPEA,103.0,False,True,103.0,37,True
DP00080,F:\DATA_F\PDB_1009\DP00080-summary,DSQKRREILSRRPSYRKILNDLSSD,['BB'],"['-1', '-2', '-3', '0', '1', '2', '3']",5,P15337,MTMDSGADNQQSGDAAVTEAESQQMTVQAQPQIATLAQVSMPAAHATSSAPTVTLVQLPNGQTVQVHGVIQAAQPSVIQSPQVQTVQISTIAESEDSQESVDSVTDSQKRREILSRRPSYRKILNDLSSDAPGVPRIEEEKSEEETSAPAITTVTVPTPIYQTSSGQYIAITQGGAIQLANNGTDGVQGLQTLTMTNAAATQPGTTILQYAQTTDGQQILVPSNQVVVQAASGDVQTYQIRTAPTSTIAPGVVMASSPALPTQPAEEAARKREVRLMKNREAARECRRKKKEYVKCLENRVAVLENQNKTLIEELKALKDLYCHKSD,105.0,False,False,302.0,25,False
DP00083,F:\DATA_F\PDB_1009\DP00083-summary,STDSTPMFEYENLEDNSKEWTSLFDNDIPVTTDD,['BB'],"['-1', '-2', '-3', '0', '1', '2', '3']",5,P03069,MSEYQPSLFALNPMGFSPLDGSKSTNENVSASTSTAKPMVGQLIFDKFIKTEEDPIIKQDTPSNLDFDFALPQTATAPDAKTVLPIPELDDAVVESFFSSSTDSTPMFEYENLEDNSKEWTSLFDNDIPVTTDDVSLADKAIESTEEVSLVPSNLEVSTTSFLPTPVLEDAKLTQTRKVKKPNSVVKKSHHVGKDDESRLDHLGVVAYNRKQRSIPLSPIVPESSDPAALKRARNTEAARRSRARKLQRMKQLEDKVEELLSKNYHLENEVARLKKLVGER,100.0,False,False,247.0,34,False
DP00100,F:\DATA_F\PDB_1009\DP00100-summary,IDLAAAPMGVEIMAPPGMEEMTSQLQSMFQNLGGQ,['BB'],"['3', '2', '1', '0', '-1', '-2', '-3', '0.5', '-0.5']",5,P0A6H5,MSEMTPREIVSELDKHIIGQDNAKRSVAIALRNRWRRMQLNEELRHEVTPKNILMIGPTGVGKTEIARRLAKLANAPFIKVEATKFTEVGYVGKEVDSIIRDLTDAAVKMVRVQAIEKNRYRAEELAEERILDVLIPPAKNNWGQTEQQQEPSAARQAFRKKLREGQLDDKEIEIDLAAAPMGVEIMAPPGMEEMTSQLQSMFQNLGGQKQKARKLKIKDAMKLLIEEEAAKLVNPEELKQDAIDAVEQHGIVFIDEIDKICKRGESSGPDVSREGVQRDLLPLVEGCTVSTKHGMVKTDHILFIASGAFQIAKPSDLIPELQGRLPIRVELQALTTSDFERILTEPNASITVQYKALMATEGVNIEFTDSGIKRIAEAAWQVNESTENIGARRLHTVLERLMEEISYDASDLSGQNITIDADYVSKHLDALVADEDLSRFIL,174.0,False,False,408.0,35,False
DP00103,F:\DATA_F\PDB_1009\DP00103-summary,MSSKEQKTPEGQAPEEIIMDQHEEIEAVEPEA,['BB'],"['-1', '-2', '-3', '0', '1', '2', '3']",5,P09372,MSSKEQKTPEGQAPEEIIMDQHEEIEAVEPEASAEQVDPRDEKVANLEAQLAEAQTRERDGILRVKAEMENLRRRTELDIEKAHKFALEKFINELLPVIDSLDRALEVADKANPDMSAMVEGIELTLKSMLDVVRKFGVEVIAETNVPLDPNVHQAIAMVESDDVAPGNVLGIMQKGYTLNGRTIRAAMVTVAKAKA,0.0,True,False,165.0,32,True
DP00107,F:\DATA_F\PDB_1009\DP00107-summary,SDNVQVAPQEVEVSSYLVGQIDSEVDTDDLSNFQL,['BB'],"['-1', '-2', '-3', '0', '1', '2', '3']",5,P69924,MAYTTFSQTKNDQLKEPMFFGQPVNVARYDQQKYDIFEKLIEKQLSFFWRPEEVDVSRDRIDYQALPEHEKHIFISNLKYQTLLDSIQGRSPNVALLPLISIPELETWVETWAFSETIHSRSYTHIIRNIVNDPSVVFDDIVTNEQIQKRAEGISSYYDELIEMTSYWHLLGEGTHTVNGKTVTVSLRELKKKLYLCLMSVNALEAIRFYVSFACSFAFAERELMEGNAKIIRLIARDEALHLTGTQHMLNLLRSGADDPEMAEIAEECKQECYDLFVQAAQQEKDWADYLFRDGSMIGLNKDILCQYVEYITNIRMQAVGLDLPFQTRSNPIPWINTWLVSDNVQVAPQEVEVSSYLVGQIDSEVDTDDLSNFQL,341.0,False,True,341.0,35,True
DP00133,F:\DATA_F\PDB_1009\DP00133-summary,MAEEQARHVKNGLECIRALKAEPIGSLAIEEAMAAWSEISDNPGQERATC,['BB'],"['3', '2', '1', '0', '-3', '-2', '-1']",5,P03422,MAEEQARHVKNGLECIRALKAEPIGSLAIEEAMAAWSEISDNPGQERATCREEKAGSSGLSKPCLSAIGSTEGGAPRIRGQGPGESDDDAETLGIPPRNLQASSTGLQCYYVYDHSGEAVKGIQDADSIMVQSGLDGDSTLSGGDNESENSDVDIGEPDTEGYAITDRGSAPISMGFRASDVETAEGGEIHELLRLQSRGNNFPKLGKTLNVPPPPDPGRASTSGTPIKKGTERRLASFGTEIASLLTGGATQCARKSPSEPSGPGAPAGNVPECVSNAALIQEWTPESGTTISPRSQNNEEGGDYYDDELFSDVQDIKTALAKIHEDNQKIISKLESLLLLKGEVESIKKQINRQNISISTLEGHLSSIMIAIPGLGKDPNDPTADVEINPDLKPIIGRDSGRALAEVLKKPVASRQLQGMTNGRTSSRGQLLKEFQLKPIGKKMSSAVGFVPDTGPASRSVIRSIIKSSRLEEDRKRYLMTLLDDIKGANDLAKFHQMLMKIIMK,0.0,True,False,457.0,50,True
DP00159,F:\DATA_F\PDB_1009\DP00159-summary,FIDENLKAADSDPTAPPYDSLLVFDYEGSGSEAASLSSLNSSESDQDQDYDYLNEWGNRFKKLADMYGGGEDD,['BB'],"['-1', '3', '-3', '2', '0', '0.5', '1', '-0.5', '-2']",5,P09803,MGARCRSFSALLLLLQVSSWLCQELEPESCSPGFSSEVYTFPVPERHLERGHVLGRVRFEGCTGRPRTAFFSEDSRFKVATDGTITVKRHLKLHKLETSFLVRARDSSHRELSTKVTLKSMGHHHHRHHHRDPASESNPELLMFPSVYPGLRRQKRDWVIPPISCPENEKGEFPKNLVQIKSNRDKETKVFYSITGQGADKPPVGVFIIERETGWLKVTQPLDREAIAKYILYSHAVSSNGEAVEDPMEIVITVTDQNDNRPEFTQEVFEGSVAEGAVPGTSVMKVSATDADDDVNTYNAAIAYTIVSQDPELPHKNMFTVNRDTGVISVLTSGLDRESYPTYTLVVQAADLQGEGLSTTAKAVITVKDINDNAPVFNPSTYQGQVPENEVNARIATLKVTDDDAPNTPAWKAVYTVVNDPDQQFVVVTDPTTNDGILKTAKGLDFEAKQQYILHVRVENEEPFEGSLVPSTATVTVDVVDVNEAPIFMPAERRVEVPEDFGVGQEITSYTAREPDTFMDQKITYRIWRDTANWLEINPETGAIFTRAEMDREDAEHVKNSTYVALIIATDDGSPIATGTGTLLLVLLDVNDNAPIPEPRNMQFCQRNPQPHIITILDPDLPPNTSPFTAELTHGASVNWTIEYNDAAQESLILQPRKDLEIGEYKIHLKLADNQNKDQVTTLDVHVCDCEGTVNNCMKAGIVAAGLQVPAILGILGGILALLILILLLLLFLRRRTVVKEPLLPPDDDTRDNVYYYDEEGGGEEDQDFDLSQLHRGLDARPEVTRNDVAPTLMSVPQYRPRPANPDEIGNFIDENLKAADSDPTAPPYDSLLVFDYEGSGSEAASLSSLNSSESDQDQDYDYLNEWGNRFKKLADMYGGGEDD,811.0,False,True,811.0,73,True
DP00179,F:\DATA_F\PDB_1009\DP00179-summary,NTDQQKVSEIFQSSKEKLQGDAKVVSDAFKK,['BB'],"['-1', '-2', '-3', '0', '1', '2', '3']",5,P01094,MNTDQQKVSEIFQSSKEKLQGDAKVVSDAFKKMASQDKDGKTTDADESEKHNYQEQYNKLKGAGHKKE,1.0,True,False,37.0,31,True
DP00195,F:\DATA_F\PDB_1009\DP00195-summary,MPKRKAEGDAEGDKAKVKDEPQRRSARLSAKPAPPKPEPKPKKAPAKKGEKVPKGKKGKADAGKDGNNPAENGDAKTDQAQKAEGAGDA,['BB'],"['-0.5', '-2', '3', '2', '-1', '0', '0.5', '-3', '1']",5,P02313,MPKRKAEGDAEGDKAKVKDEPQRRSARLSAKPAPPKPEPKPKKAPAKKGEKVPKGKKGKADAGKDGNNPAENGDAKTDQAQKAEGAGDAK,0.0,True,True,1.0,89,True
DP00246,F:\DATA_F\PDB_1009\DP00246-summary,MAQWDDFPDQQEDTDSCTESVKFDARSVTALLPPHPKNGPTLQERMKSYK,['BB'],"['3', '2', '1', '0.5', '0', '-3', '-2', '-1', '-0.5']",5,P21758,MAQWDDFPDQQEDTDSCTESVKFDARSVTALLPPHPKNGPTLQERMKSYKTALITLYLIVFVVLVPIIGIVAAQLLKWETKNCTVGSVNADISPSPEGKGNGSEDEMRFREAVMERMSNMESRIQYLSDNEANLLDAKNFQNFSITTDQRFNDVLFQLNSLLSSIQEHENIIGDISKSLVGLNTTVLDLQFSIETLNGRVQENAFKQQEEMRKLEERIYNASAEIKSLDEKQVYLEQEIKGEMKLLNNITNDLRLKDWEHSQTLKNITLLQGPPGPPGEKGDRGPPGQNGIPGFPGLIGTPGLKGDRGISGLPGVRGFPGPMGKTGKPGLNGQKGQKGEKGSGSMQRQSNTVRLVGGSGPHEGRVEIFHEGQWGTVCDDRWELRGGLVVCRSLGYKGVQSVHKRAYFGKGTGPIWLNEVFCFGKESSIEECRIRQWGVRACSHDEDAGVTCTT,0.0,True,False,403.0,50,True
DP00284,F:\DATA_F\PDB_1009\DP00284-summary,TNVLNQGGEVGYDSSSNVIQDSNLDTAINPDDRPLSEIPTDDNPNMSMAEM,['BB'],"['-0.5', '-1', '-2', '-3', '0', '0.5', '1', '2', '3']",5,P16009,MEMISNNLNWFVGVVEDRMDPLKLGRVRVRVVGLHPPQRAQGDVMGIPTEKLPWMSVIQPITSAAMSGIGGSVTGPVEGTRVYGHFLDKWKTNGIVLGTYGGIVREKPNRLEGFSDPTGQYPRRLGNDTNVLNQGGEVGYDSSSNVIQDSNLDTAINPDDRPLSEIPTDDNPNMSMAEMLRRDEGLRLKVYWDTEGYPTIGIGHLIMKQPVRDMAQINKVLSKQVGREITGNPGSITMEEATTLFERDLADMQRDIKSHSKVGPVWQAVNRSRQMALENMAFQMGVGGVAKFNTMLTAMLAGDWEKAYKAGRDSLWYQQTKGRASRVTMIILTGNLESYGVEVKTPARSLSAMAATVAKSSDPADPPIPNDSRILFKEPVSSYKGEYPYVHTMETESGHIQEFDDTPGQERYRLVHPTGTYEEVSPSGRRTRKTVDNLYDITNADGNFLVAGDKKTNVGGSEIYYNMDNRLHQIDGSNTIFVRGDETKTVEGNGTILVKGNVTIIVEGNADITVKGDATTLVEGNQTNTVNGNLSWKVAGTVDWDVGGDWTEKMASMSSISSGQYTIDGSRIDIG,128.0,False,False,524.0,51,False
DP00303,F:\DATA_F\PDB_1009\DP00303-summary,HHEAELKPLAQSHATKHKIP,['BB'],"['3', '2', '1', '0', '-3', '-2', '-1']",5,P02185,MVLSEGEWQLVLHVWAKVEADVAGHGQDILIRLFKSHPETLEKFDRFKHLKTEAEMKASEDLKKHGVTVLTALGAILKKKGHHEAELKPLAQSHATKHKIPIKYLEFISEAIIHVLHSRHPGDFGADAQGAMNKALELFRKDIAAKYKELGYQG,81.0,False,False,134.0,20,False
DP00356,F:\DATA_F\PDB_1009\DP00356-summary,TDFIDEEVLMSLVIEMGLDRIKELPELWLGQNEFDFMTDFVCKQQPSRVS,['BB'],"['-1', '-2', '-3', '0', '1', '2', '3']",5,Q99967,MADHMMAMNHGRFPDGTNGLHHHPAHRMGMGQFPSPHHHQQQQPQHAFNALMGEHIHYGAGNMNATSGIRHAMGPGTVNGGHPPSALAPAARFNNSQFMGPPVASQGGSLPASMQLQKLNNQYFNHHPYPHNHYMPDLHPAAGHQMNGTNQHFRDCNPKHSGGSSTPGGSGGSSTPGGSGSSSGGGAGSSNSGGGSGSGNMPASVAHVPAAMLPPNVIDTDFIDEEVLMSLVIEMGLDRIKELPELWLGQNEFDFMTDFVCKQQPSRVSC,219.0,False,True,220.0,50,True
DP00398,F:\DATA_F\PDB_1009\DP00398-summary,KKVPVLPMVAGGSGLDEFINFDPEVERQQTELRHKRTGGKH,['BB'],"['3', '2', '1', '0.5', '0', '-0.5', '-1', '-2', '-3']",5,P07342,MIRQSTLKNFAIKRCFQHIAYRNTPAMRSVALAQRFYSSSSRYYSASPLPASKRPEPAPSFNVDPLEQPAEPSKLAKKLRAEPDMDTSFVGLTGGQIFNEMMSRQNVDTVFGYPGGAILPVYDAIHNSDKFNFVLPKHEQGAGHMAEGYARASGKPGVVLVTSGPGATNVVTPMADAFADGIPMVVFTGQVPTSAIGTDAFQEADVVGISRSCTKWNVMVKSVEELPLRINEAFEIATSGRPGPVLVDLPKDVTAAILRNPIPTKTTLPSNALNQLTSRAQDEFVMQSINKAADLINLAKKPVLYVGAGILNHADGPRLLKELSDRAQIPVTTTLQGLGSFDQEDPKSLDMLGMHGCATANLAVQNADLIIAVGARFDDRVTGNISKFAPEARRAAAEGRGGIIHFEVSPKNINKVVQTQIAVEGDATTNLGKMMSKIFPVKERSEWFAQINKWKKEYPYAYMEETPGSKIKPQTVIKKLSKVANDTGRHVIVTTGVGQHQMWAAQHWTWRNPHTFITSGGLGTMGYGLPAAIGAQVAKPESLVIDIDGDASFNMTLTELSSAVQAGTPVKILILNNEEQGMVTQWQSLFYEHRYSHTHQLNPDFIKLAEAMGLKGLRVKKQEELDAKLKEFVSTKGPVLLEVEVDKKVPVLPMVAGGSGLDEFINFDPEVERQQTELRHKRTGGKH,646.0,False,True,646.0,41,True
DP00399,F:\DATA_F\PDB_1009\DP00399-summary,VEGGAHDVIVKDRINDYHPK,['BB'],"['3', '2', '1', '0.5', '0', '-3', '-2', '-1', '-0.5']",5,P50097,MAKYYNEPCHTFNEYLLIPGLSTVDCIPSNVNLSTPLVKFQKGQQSEINLKIPLVSAIMQSVSGEKMAIALAREGGISFIFGSQSIESQAAMVHAVKNFKAGFVVSDSNVKPDQTFADVLAISQRTTHNTVAVTDDGTPHGVLLGLVTQRDYPIDLTQTETKVSDMMTPFSKLVTAHQDTKLSEANKIIWEKKLNALPIIDDDQHLRYIVFRKDYDRSQVCHNELVDSQKRYLVGAGINTRDFRERVPALVEAGADVLCIDSSDGFSEWQKITIGWIREKYGDKVKVGAGNIVDGEGFRYLADAGADFIKIGIGGGSICITREQKGIGRGQATAVIDVVAERNKYFEETGIYIPVCSDGGIVYDYHMTLALAMGADFIMLGRYFARFEESPTRKVTINGSVMKEYWGEGSSRARNWQRYDLGGKQKLSFEEGVDSYVPYAGKLKDNVEASLNKVKSTMCNCGALTIPQLQSKAKITLVSSVSIVEGGAHDVIVKDRINDYHPK,483.0,False,True,483.0,20,True
DP00438,F:\DATA_F\PDB_1009\DP00438-summary,NFGPKGFGYGQGAGALVHAQ,['BB'],"['3', '2', '1', '0', '-3', '-2', '-1']",5,Q05158,MPNWGGGNKCGACGRTVYHAEEVQCDGRSFHRCCFLCMVCRKNLDSTTVAIHDAEVYCKSCYGKKYGPKGYGYGQGAGTLNMDRGERLGIKPESSPSPHRPTTNPNTSKFAQKFGGAEKCSRCGDSVYAAEKVIGAGKPWHKNCFRCAKCGKSLESTTLTEKEGEIYCKGCYAKNFGPKGFGYGQGAGALVHAQ,174.0,False,True,174.0,20,True
DP00449,F:\DATA_F\PDB_1009\DP00449-summary,EENRTEAPEETEPERETPSAINGNPSWHLADSPAVNGATGHSSSLDAREV,['BB'],"['3', '2', '1', '0', '-3', '-2', '-1']",5,P53563,MSQSNRELVVDFLSYKLSQKGYSWSQFSDVEENRTEAPEETEPERETPSAINGNPSWHLADSPAVNGATGHSSSLDAREVIPMAAVKQALREAGDEFELRYRRAFSDLTSQLHITPGTAYQSFEQVVNELFRDGVNWGRIVAFFSFGGALCVESVDKEMQVLVSRIASWMATYLNDHLEPWIQENGGWDTFVDLYGNNAAAESRKGQERFNRWFLTGMTVAGVVLLGSLFSRK,30.0,False,False,183.0,50,False
DP00491,F:\DATA_F\PDB_1009\DP00491-summary,VVEWTNNTLPLEPCPKEQIIGLSRRIADENGKPRPAFSNALEPDFKALSIAVTGSGSCRHLQFIPVAPPSPGSSAAPATEVPDRDPEKSSEDDVYLH,['BB'],"['1', '-2', '3', '2', '-0.5', '-3', '0', '0.5', '-1']",5,Q62165,MSVDNWLLHPLWGQTFLLLLSVAVAQAHWPSEPSEAVRDWKNQLEASMHSVLSDFQEAVPTVVGIPDGTAVVGRSFRVSIPTDLIASSGEIIKVSAAGKEALPSWLHWDPHSHILEGLPLDTDKGVHYISVSAARLGANGSHVPQTSSVFSIEVYPEDHNEPQSVRAASSDPGEVVPSACAADEPVTVLTVILDADLTKMTPKQRIDLLNRMQSFSEVELHNMKLVPVVNNRLFDMSAFMAGPGNAKKVVENGALLSWKLGCSLNQNSVPDIRGVETPAREGAMSAQLGYPVVGWHIANKKPTLPKRLRRQIHATPTPVTAIGPPTTAIQEPPSRIVPTPTSPAIAPPTETMAPPVRDPVPGKPTVTIRTRGAIIQTPTLGPIQPTRVSEAGTTVPGQIRPTLTIPGYVEPTAVITPPTTTTKKPRVSTPKPATPSTDSSTTTTRRPTKKPRTPRPVPRVTTKAPITRLETASPPTRIRTTTSGVPRGGEPNQRPELKNHIDRVDAWVGTYFEVKIPSDTFYDNEDTTTDKLKLTLKLREQQLVGEKSWVQFNSNSQLMYGLPDSSHVGKHEYFMHATDKGGLSAVDAFEIHVHKRPQGDKAPARFKARLAGDPAPVVNDIHKKIALVKKLAFAFGDRNCSSITLQNITRGSIVVEWTNNTLPLEPCPKEQIIGLSRRIADENGKPRPAFSNALEPDFKALSIAVTGSGSCRHLQFIPVAPPSPGSSAAPATEVPDRDPEKSSEDDVYLHTVIPAVVVAAILLIAGIIAMICYRKKRKGKLTLEDQATFIKKGVPIIFADELDDSKPPPSSSMPLILQEEKAPLPPPEYPNQSMPETTPLNQDTVGEYTPLRDEDPNAPPYQPPPPFTAPMEGKGSRPKNMTPYRSPPPYVPP,653.0,False,False,796.0,97,False
DP00499,F:\DATA_F\PDB_1009\DP00499-summary,LTAATHWASMDPAVVHPELNGAAYSRYPPGVVSVAPTGIPAAVEGIVPSAMSLSHGLPPVAHPPHAPSPGQTVKPEADRDHTTDQL,['BB'],"['-3', '-0.5', '0', '-1', '0.5', '3', '1', '-2', '2']",5,Q9Z2F5,MSGVRPPIMNGPMHPRPLVALLDGRDCTVEMPILKDVATVAFCDAQSTQEIHEKVLNEAVGALMYHTITLTREDLEKFKALRIIVRIGSGFDNIDIKSAGDLGIAVCNVPAASVEETADSTLCHILNLYRRTTWLHQALREGTRVQSVEQIREVASGAARIRGETLGIIGLGRVGQAVALRAKAFGFNVLFYDPYLSDGIERALGLQRVSTLQDLLFHSDCVTLHCGLNEHNHHLINDFTVKQMRQGAFLVNTARGGLVDEKALAQALKEGRIRGAALDVHESEPFSFSQGPLKDAPNLICTPHAAWYSEQASIEMREEAAREIRRAITGRIPDSLKNCVNKDHLTAATHWASMDPAVVHPELNGAAYSRYPPGVVSVAPTGIPAAVEGIVPSAMSLSHGLPPVAHPPHAPSPGQTVKPEADRDHTTDQL,344.0,False,True,344.0,86,True
DP00549,F:\DATA_F\PDB_1009\DP00549-summary,RPQGSARPQPDPNAEFDPDLPGGGLHRCLACARYFIDSTNLK,['BB'],"['-0.5', '-1', '-2', '-3', '0', '0.5', '1', '2', '3']",5,O00488,MGRSRRTGAHRAHSLARQMKAKRRRPDLDEIHRELRPQGSARPQPDPNAEFDPDLPGGGLHRCLACARYFIDSTNLKTHFRSKDHKKRLKQLSVEPYSQEEAERAAGMGSYVPPRRLAVPTEVSTEVPEMDTST,35.0,False,False,92.0,42,False
DP00557,F:\DATA_F\PDB_1009\DP00557-summary,DDKYRELRSQLSNKSLAPEVHQQISKQLADRER,['BB'],"['-1', '-2', '-3', '0', '1', '2', '3']",5,Q00955,MSEESLFESSPQKMEYEITNYSERHTELPGHFIGLNTVDKLEESPLRDFVKSHGGHTVISKILIANNGIAAVKEIRSVRKWAYETFGDDRTVQFVAMATPEDLEANAEYIRMADQYIEVPGGTNNNNYANVDLIVDIAERADVDAVWAGWGHASENPLLPEKLSQSKRKVIFIGPPGNAMRSLGDKISSTIVAQSAKVPCIPWSGTGVDTVHVDEKTGLVSVDDDIYQKGCCTSPEDGLQKAKRIGFPVMIKASEGGGGKGIRQVEREEDFIALYHQAANEIPGSPIFIMKLAGRARHLEVQLLADQYGTNISLFGRDCSVQRRHQKIIEEAPVTIAKAETFHEMEKAAVRLGKLVGYVSAGTVEYLYSHDDGKFYFLELNPRLQVEHPTTEMVSGVNLPAAQLQIAMGIPMHRISDIRTLYGMNPHSASEIDFEFKTQDATKKQRRPIPKGHCTACRITSEDPNDGFKPSGGTLHELNFRSSSNVWGYFSVGNNGNIHSFSDSQFGHIFAFGENRQASRKHMVVALKELSIRGDFRTTVEYLIKLLETEDFEDNTITTGWLDDLITHKMTAEKPDPTLAVICGAATKAFLASEEARHKYIESLQKGQVLSKDLLQTMFPVDFIHEGKRYKFTVAKSGNDRYTLFINGSKCDIILRQLSDGGLLIAIGGKSHTIYWKEEVAATRLSVDSMTTLLEVENDPTQLRTPSPGKLVKFLVENGEHIIKGQPYAEIEVMKMQMPLVSQENGIVQLLKQPGSTIVAGDIMAIMTLDDPSKVKHALPFEGMLPDFGSPVIEGTKPAYKFKSLVSTLENILKGYDNQVIMNASLQQLIEVLRNPKLPYSEWKLHISALHSRLPAKLDEQMEELVARSLRRGAVFPARQLSKLIDMAVKNPEYNPDKLLGAVVEPLADIAHKYSNGLEAHEHSIFVHFLEEYYEVEKLFNGPNVREENIILKLRDENPKDLDKVALTVLSHSKVSAKNNLILAILKHYQPLCKLSSKVSAIFSTPLQHIVELESKATAKVALQAREILIQGALPSVKERTEQIEHILKSSVVKVAYGSSNPKRSEPDLNILKDLIDSNYVVFDVLLQFLTHQDPVVTAAAAQVYIRRAYRAYTIGDIRVHEGVTVPIVEWKFQLPSAAFSTFPTVKSKMGMNRAVSVSDLSYVANSQSSPLREGILMAVDHLDDVDEILSQSLEVIPRHQSSSNGPAPDRSGSSASLSNVANVCVASTEGFESEEEILVRLREILDLNKQELINASIRRITFMFGFKDGSYPKYYTFNGPNYNENETIRHIEPALAFQLELGRLSNFNIKPIFTDNRNIHVYEAVSKTSPLDKRFFTRGIIRTGHIRDDISIQEYLTSEANRLMSDILDNLEVTDTSNSDLNHIFINFIAVFDISPEDVEAAFGGFLERFGKRLLRLRVSSAEIRIIIKDPQTGAPVPLRALINNVSGYVIKTEMYTEVKNAKGEWVFKSLGKPGSMHLRPIATPYPVKEWLQPKRYKAHLMGTTYVYDFPELFRQASSSQWKNFSADVKLTDDFFISNELIEDENGELTEVEREPGANAIGMVAFKITVKTPEYPRGRQFVVVANDITFKIGSFGPQEDEFFNKVTEYARKRGIPRIYLAANSGARIGMAEEIVPLFQVAWNDAANPDKGFQYLYLTSEGMETLKKFDKENSVLTERTVINGEERFVIKTIIGSEDGLGVECLRGSGLIAGATSRAYHDIFTITLVTCRSVGIGAYLVRLGQRAIQVEGQPIILTGAPAINKMLGREVYTSNLQLGGTQIMYNNGVSHLTAVDDLAGVEKIVEWMSYVPAKRNMPVPILETKDTWDRPVDFTPTNDETYDVRWMIEGRETESGFEYGLFDKGSFFETLSGWAKGVVVGRARLGGIPLGVIGVETRTVENLIPADPANPNSAETLIQEPGQVWHPNSAFKTAQAINDFNNGEQLPMMILANWRGFSGGQRDMFNEVLKYGSFIVDALVDYKQPIIIYIPPTGELRGGSWVVVDPTINADQMEMYADVNARAGVLEPQGMVGIKFRREKLLDTMNRLDDKYRELRSQLSNKSLAPEVHQQISKQLADRERELLPIYGQISLQFADLHDRSSRMVAKGVISKELEWTEARRFFFWRLRRRLNEEYLIKRLSHQVGEASRLEKIARIRSWYPASVDHEDDRQVATWIEENYKTLDDKLKGLKLESFAQDLAKKIRSDHDNAIDGLSEVIKMLSTDDKEKLLKTLK,2047.0,False,False,2200.0,33,False
DP00575,F:\DATA_F\PDB_1009\DP00575-summary,MKLAPYILELLTSVNRTNGT,['BB'],"['3', '2', '1', '0', '-3', '-2', '-1']",5,P77072,MKLAPYILELLTSVNRTNGTADLLVPLLRELAKGRPVSRTTLAGILDWPAERVAAVLEQATSTEYDKDGNIIGYGLTLRETSYVFEIDDRRLYAWCALDTLIFPALIGRTARVSSHCAATGAPVSLTVSPSEIQAVEPAGMAVSLVLPQEAADVRQSFCCHVHFFASVPTAEDWASKHQGLEGLAIVSVHEAFGLGQEFNRHLLQTMSSRTP,0.0,True,False,192.0,20,True
DP00611,F:\DATA_F\PDB_1009\DP00611-summary,RTSIPNAASEEGDEDDWASN,['BB'],"['-0.5', '3', '0', '1', '-3', '-2', '2', '0.5', '-1']",5,P30291,MSFLSRQQPPPPRRAGAACTLRQKLIFSPCSDCEEEEEEEEEEGSGHSTGEDSAFQEPDSPLPPARSPTEPGPERRRSPGPAPGSPGELEEDLLLPGACPGADEAGGGAEGDSWEEEGFGSSSPVKSPAAPYFLGSSFSPVRCGGPGDASPRGCGARRAGEGRRSPRPDHPGTPPHKTFRKLRLFDTPHTPKSLLSKARGIDSSSVKLRGSSLFMDTEKSGKREFDVRQTPQVNINPFTPDSLLLHSSGQCRRRKRTYWNDSCGEDMEASDYELEDETRPAKRITITESNMKSRYTTEFHELEKIGSGEFGSVFKCVKRLDGCIYAIKRSKKPLAGSVDEQNALREVYAHAVLGQHSHVVRYFSAWAEDDHMLIQNEYCNGGSLADAISENYRIMSYFKEAELKDLLLQVGRGLRYIHSMSLVHMDIKPSNIFISRTSIPNAASEEGDEDDWASNKVMFKIGDLGHVTRISSPQVEEGDSRFLANEVLQENYTHLPKADIFALALTVVCAAGAEPLPRNGDQWHEIRQGRLPRIPQVLSQEFTELLKVMIHPDPERRPSAMALVKHSVLLSASRKSAEQLRIELNAEKFKNSLLQKELKKAQMAKAAAEERALFTDRMATRSTTQSNRTSRLIGKKMNRSVSLTIY,435.0,False,False,626.0,20,False
DP00622,F:\DATA_F\PDB_1009\DP00622-summary,MSATAATVPPAAPAGEGGPPAPPPNLTSNRRLQQT,['BB'],"['-1', '-2', '-3', '0', '1', '2', '3']",5,P63045,MSATAATVPPAAPAGEGGPPAPPPNLTSNRRLQQTQAQVDEVVDIMRVNVDKVLERDQKLSELDDRADALQAGASQFETSAAKLKRKYWWKNLKMMIILGVICAIILIIIIVYFST,0.0,True,False,81.0,35,True
DP00628,F:\DATA_F\PDB_1009\DP00628-summary,GIHKQKEKSRLQGGVLVNEILNHMKRATQIPSYKKLIMY,['BB'],"['3', '2', '1', '0', '-3', '-2', '-1']",5,P15309,MRAAPLLLARAASLSLGFLFLLFFWLDRSVLAKELKFVTLVFRHGDRSPIDTFPTDPIKESSWPQGFGQLTQLGMEQHYELGEYIRKRYRKFLNESYKHEQVYIRSTDVDRTLMSAMTNLAALFPPEGVSIWNPILLWQPIPVHTVPLSEDQLLYLPFRNCPRFQELESETLKSEEFQKRLHPYKDFIATLGKLSGLHGQDLFGIWSKVYDPLYCESVHNFTLPSWATEDTMTKLRELSELSLLSLYGIHKQKEKSRLQGGVLVNEILNHMKRATQIPSYKKLIMYSAHDTTVSGLQMALDVYNGLLPPYASCHLTELYFEKGEYFVEMYYRNETQHEPYPLMLPGCSPSCPLERFAELVGPVIPQDWSTECMTTNSHQGTEDSTD,247.0,False,False,347.0,39,False
DP00718,F:\DATA_F\PDB_1009\DP00718-summary,DMNSLMMGEDKIKFKHITPL,['BB'],"['-1', '-2', '-3', '0', '1', '2', '3']",5,P37231,MGETLGDSPIDPESDSFTDTLSANISQEMTMVDTEMPFWPTNFGISSVDLSVMEDHSHSFDIKPFTTVDFSSISTPHYEDIPFTRTDPVVADYKYDLKLQEYQSAIKVEPASPPYYSEKTQLYNKPHEEPSNSLMAIECRVCGDKASGFHYGVHACEGCKGFFRRTIRLKLIYDRCDLNCRIHKKSRNKCQYCRFQKCLAVGMSHNAIRFGRMPQAEKEKLLAEISSDIDQLNPESADLRALAKHLYDSYIKSFPLTKAKARAILTGKTTDKSPFVIYDMNSLMMGEDKIKFKHITPLQEQSKEVAIRIFQGCQFRSVEAVQEITEYAKSIPGFVNLDLNDQVTLLKYGVHEIIYTMLASLMNKDGVLISEGQGFMTREFLKSLRKPFGDFMEPKFEFAVKFNALELDDSDLAIFIAVIILSGDRPGLLNVKPIEDIQDNLLQALELQLKLNHPESSQLFAKLLQKMTDLRQIVTEHVQLLQVIKKTETDMSLHPLLQEIYKDLY,278.0,False,False,485.0,20,False
DP00719,F:\DATA_F\PDB_1009\DP00719-summary,MEAENAGSYSLQQAQAFYTFPFQQLMAEAPNMAVVNEQQMPEEVPAPAPA,['BB'],"['3', '2', '1', '0', '-3', '-2', '-1']",5,Q13569,MEAENAGSYSLQQAQAFYTFPFQQLMAEAPNMAVVNEQQMPEEVPAPAPAQEPVQEAPKGRKRKPRTTEPKQPVEPKKPVESKKSGKSAKSKEKQEKITDTFKVKRKVDRFNGVSEAELLTKTLPDILTFNLDIVIIGINPGLMAAYKGHHYPGPGNHFWKCLFMSGLSEVQLNHMDDHTLPGKYGIGFTNMVERTTPGSKDLSSKEFREGGRILVQKLQKYQPRIAVFNGKCIYEIFSKEVFGVKVKNLEFGLQPHKIPDTETLCYVMPSSSARCAQFPRAQDKVHYYIKLKDLRDQLKGIERNMDVQEVQYTFDLQLAQEDAKKMAVKEEKYDPGYEAAYGGAYGENPCSSEPCGFSSNGLIESVELRGESAFSGIPNGQWMTQSFTDQIPSFSNHCGTQEQEEESHA,0.0,True,False,360.0,50,True
DP00720,F:\DATA_F\PDB_1009\DP00720-summary,KKKKEKKSEKKEKKEKKHKEKERTKKPSKKKKDSGK,['BB'],"['-3', '3', '2', '-2', '0', '0.5', '1', '-0.5', '-1']",5,Q05344,MTDSLEYNDINAEVRGVLCSGRLKMTEQNIIFKNTKTGKVEQISAEDIDLINSQKFVGTWGLRVFTKGGVLHRFTGFRDSEHEKLGKFIKAAYSQEMVEKEMCVKGWNWGTARFMGSVLSFDKESKTIFEVPLSHVSQCVTGKNEVTLEFHQNDDAPVGLLEMRFHIPAVESAEEDPVDKFHQNVMSKASVISASGESIAIFREIQILTPRGRYDIKIFSTFFQLHGKTFDYKIPMDSVLRLFMLPHKDSRQMFFVLSLDPPIKQGQTRYHYLVLLFAPDEETTIELPFSEAELRDKYEGKLEKEISGPVYEVMGKVMKVLIGRKITGPGNFIGHSGTAAVGCSFKAAAGYLYPLERGFIYIHKPPLHIRFEEISSVNFARSGGSTRSFDFEVTLKNGTVHIFSSIEKEEYAKLFDYITQKKLHVSNMGKDKSGYKDVDFGDSDNENEPDAYLARLKAEAREKEEDDDDGDSDEESTDEDFKPNENESDVAEEYDSNVESDSDDDSDASGGGGDSDGAKKKKEKKSEKKEKKEKKHKEKERTKKPSKKKKDSGKPKRATTAFMLWLNDTRESIKRENPGIKVTEIAKKGGEMWKELKDKSKWEDAAAKDKQRYHDEMRNYKPEAGGDSDNEKGGKSSKKRKTEPSPSKKANTSGSGFKSKEYISDDDSTSSDDEKDNEPAKKKSKPPSDGDAKKKKAKSESEPEESEEDSNASDEDEEDEASD,518.0,False,False,687.0,36,False
DP00764,F:\DATA_F\PDB_1009\DP00764-summary,DRRIPGTAEENLQKSSGGVP,['BB'],"['-1', '-2', '-3', '0', '1', '2', '3']",5,O89467,MLNLADRRIPGTAEENLQKSSGGVPGQNTGGQEARPNYHCQLCFLRSLGIDYLDASLRKKNKQRLKAIQQGRQPQYLL,5.0,False,False,58.0,20,False
DP00768,F:\DATA_F\PDB_1009\DP00768-summary,HSSRPSQNIAAGLESPDQQAGAQILGQCGTGGSDEPSEPSRAEDPGPGPW,['BB'],"['-1', '-2', '-3', '0', '1', '2', '3']",5,Q28181-4,MLGWVQRVLPQPPGTPQKTKQEEEGTEPEPELEPKPETAPEETELEEVSLPPEEPCVGKEVAAVTLGPQGTQETALTPPTSLQAQVSVAPEAHSSPRGWVLTWLRKGVEKVVPQPAHSSRPSQNIAAGLESPDQQAGAQILGQCGTGGSDEPSEPSRAEDPGPGPWLLRWFEQNLEKMLPQPPKISEGWRDEPTDAALGPEPPGPALEIKPMLQAQESPSLPAPGPPEPEEEPIPEPQPTIQASSLPPPQDSARLMAWILHRLEMALPQPVIRGKGGEQESDAPVTCDVQTISILPGEQEESHLILEEVDPHWEEDEHQEGSTSTSPRTSEAAPADEEKGEVVEQTPRELPRIQEEKEDEEEEKEDGEEEEEEGREKEEEEGEEKEEEEGREKEEEEGEKKEEEGREKEEEEGGEKEDEEGREKEEEEGRGKEEEEGGEKEEEEGRGKEEVEGREEEEDEEEEQDHSVLLDSYLVPQSEEDQSEESETQDQSEVGGAQTQGEVGGAQALSEESETQDQSEVGGAQDQSEVGGAQAQGEVGGAQEQDGVGGAQDQSTSHQELQEEALADSSGGSFQMSPFEALQECEALKR,116.0,False,False,540.0,50,False
DP00778,F:\DATA_F\PDB_1009\DP00778-summary,MDFTAKIKELERELSETSDYKTLQKKTISL,['BB'],"['3', '2', '1', '0.5', '-3', '0', '-0.5', '-2', '-1']",5,P46670,MDFTAKIKELERELSETSDYKTLQKKTISLRSELNTLSHSLTSYEKEHFSNDIENVLKSINAKLSESKGKKRLFSFKQKNSSSAVHKNVERTELANAPAYTTTLKKHYVLEKGDSAFENLEFCTVTSTTDYSGNSALSGSLCFRNITKCVINLQRIFFQTGSIFITDCTDSIIFLRSPSDKDFQIRLRDLKNCKILIEKLSPSIDCKQVVIIENCHKCIFNASTRDHLIIQDFSNPFQSEETEDNSAFAFEDFDICNKDTMQLFRAYL,0.0,True,False,238.0,30,True
DP00809,F:\DATA_F\PDB_1009\DP00809-summary,AAPEKKESKPRKPKAAQVSEEASTPQGFNTLKDKLEEWIEMSNRKDLIKK,['BB'],"['-1', '-2', '-3', '0', '1', '2', '3']",5,P80870,MAAKFEVGSVYTGKVTGLQAYGAFVALDEETQGLVHISEVTHGFVKDINEHLSVGDEVQVKVLAVDEEKGKISLSIRATQAAPEKKESKPRKPKAAQVSEEASTPQGFNTLKDKLEEWIEMSNRKDLIKK,80.0,False,True,80.0,50,True
DP00858,F:\DATA_F\PDB_1009\DP00858-summary,VGAANNQNPAAEDKGATTPASKEEAKKSEAAAKNAGKAAGKALPKTSAVK,['BB'],"['3', '2', '1', '0', '-3', '-2', '-1']",5,A8AZZ3,MKKVLLSSVVALTLFAAAAPVFSADEATDAARNNDGAYYLQTQFTNADKVNEYLAQHDGEIRAEAAADPAVVAAKAALDAVEGGSHNYGEVKAAYEAAFNNAFNAVRNKYVQQFQATYNNATEQEGKTYIQGETPEQANARYLKRVGAANNQNPAAEDKGATTPASKEEAKKSEAAAKNAGKAAGKALPKTSAVK,145.0,False,True,145.0,50,True
DP00872,F:\DATA_F\PDB_1009\DP00872-summary,SGVNKSDKKVTPTEEKEQEAVSKSTSPAANSADTPNETGKRPLEEEKPPK,['BB'],"['3', '2', '1', '0', '-3', '-2', '-1']",5,P80428,MSNAALQVYGGDEVSAVVIDPGSYTTNIGYSGSDFPQSILPSVYGKYTADEGNKKIFSEQSIGIPRKDYELKPIIENGLVIDWDTAQEQWQWALQNELYLNSNSGIPALLTEPVWNSTENRKKSLEVLLEGMQFEACYLAPTSTCVSFAAGRPNCLVVDIGHDTCSVSPIVDGMTLSKSTRRNFIAGKFINHLIKKALEPKEIIPLFAIKQRKPEFIKKTFDYEVDKSLYDYANNRGFFQECKETLCHICPTKTLEETKTELSSTAKRSIESPWNEEIVFDNETRYGFAEELFLPKEDDIPANWPRSNSGVVKTWRNDYVPLKRTKPSGVNKSDKKVTPTEEKEQEAVSKSTSPAANSADTPNETGKRPLEEEKPPKENNELIGLADLVYSSIMSSDVDLRATLAHNVVLTGGTSSIPGLSDRLMTELNKILPSLKFRILTTGHTIERQYQSWLGGSILTSLGTFHQLWVGKKEYEEVGVERLLNDRFR,327.0,False,False,439.0,50,False
DP00893,F:\DATA_F\PDB_1009\DP00893-summary,IRAPTTMKKFEDSEKAKKPVRSMIETRGEKPKEKAKNSKKKGAKKEG,['BB'],"['3', '2', '1', '0.5', '0', '-0.5', '-1', '-2', '-3']",5,P08240,MLDFFTIFSKGGLVLWCFQGVSDSCTGPVNALIRSVLLQERGGNNSFTHEALTLKYKLDNQFELVFVVGFQKILTLTYVDKLIDDVHRLFRDKYRTEIQQQSALSLLNGTFDFQNDFLRLLREAEESSKIRAPTTMKKFEDSEKAKKPVRSMIETRGEKPKEKAKNSKKKGAKKEGSDGPLATSKPVPAEKSGLPVGPENGVELSKEELIRRKREEFIQKHGRGMEKSNKSTKSDAPKEKGKKAPRVWELGGCANKEVLDYSTPTTNGTPEAALSEDINLIRGTGSGGQLQDLDCSSSDDEGAAQNSTKPSATKGTLGGMFGMLKGLVGSKSLSREDMESVLDKMRDHLIAKNVAADIAVQLCESVANKLEGKVMGTFSTVTSTVKQALQESLVQILQPQRRVDMLRDIMDAQRRQRPYVVTFCGVNGVGKSTNLAKISFWLLENGFSVLIAACDTFRAGAVEQLRTHTRRLSALHPPEKHGGRTMVQLFEKGYGKDAAGIAMEAIAFARNQGFDVVLVDTAGRMQDNAPLMTALAKLITVNTPDLVLFVGEALVGNEAVDQLVKFNRALADHSMAQTPRLIDGIVLTKFDTIDDKVGAAISMTYITSKPIVFVGTGQTYCDLRSLNAKAVVAALMKA,129.0,False,False,591.0,47,False
DP00897,F:\DATA_F\PDB_1009\DP00897-summary,KKILSMIPGFGGAMPKELSH,['BB'],"['-1', '-2', '-3', '0', '1', '2', '3']",5,Q57565,MLDKLGENLNKALNKLKAAAFVDKKLIKEVIKDIQRALIQADVNVKLVLKMSKEIERRALEEKTPKGLSKKEHIIKIVYEELVKLLGEEAKKLELNPKKQNVILLVGIQGSGKTTTAAKLARYIQKRGLKPALIAADTYRPAAYEQLKQLAEKIHVPIYGDETRTKSPVDIVKEGMEKFKKADVLIIDTAGRHKEEKGLLEEMKQIKEITNPDEIILVIDGTIGQQAGIQAKAFKEAVGEIGSIIVTKLDGSAKGGGALSAVAETKAPIKFIGIGEGIDDLEPFDPKKFISRLLGMGDLESLLEKAEDMVDEKTEESIDAIMRGKFTLNELMTQLEAIENMGSMKKILSMIPGFGGAMPKELSHLTEAKIKKYKVIISSMTKEERENPKIIKASRIRRIARGSGTTENDVREVLRYYETTKNAIDKLRKGKMLRIGGPLGQIMRQLMFKEG,344.0,False,False,431.0,20,False
DP00899,F:\DATA_F\PDB_1009\DP00899-summary,QANVDPIVPNDFKPMKGYGN,['BB'],"['3', '2', '1', '0', '-1', '-2', '-3']",5,P44654,MINMTKQVSKILAGLFTALFAGSLMASDAPAVGKDLTQAAENIPPAFHNAPRQGELPALNYVNQPPMVPHSVANYQVTKNVNQCLNCHSPENSRLSGATRISPTHFMDRDGKVGSSSSPRRYFCLQCHVSQANVDPIVPNDFKPMKGYGN,130.0,False,True,130.0,20,True
DP00912,F:\DATA_F\PDB_1009\DP00912-summary,QEDEDEEEEREKKPAEQAEETAPIEATATKEEEGSS,['BB'],"['-3', '-2', '-1', '-0.5', '0', '3', '2', '0.5', '1']",5,Q8N4Q1,MSYCRQEGKDRIIFVTKEDHETPSSAELVADDPNDPYEEHGLILPNGNINWNCPCLGGMASGPCGEQFKSAFSCFHYSTEEIKGSDCVDQFRAMQECMQKYPDLYPQEDEDEEEEREKKPAEQAEETAPIEATATKEEEGSS,106.0,False,True,106.0,36,True
DP00929,F:\DATA_F\PDB_1009\DP00929-summary,KKRRQRRRAHQNSQTHQASLSKQPTSQPRGDPTGPKE,['BB'],"['3', '2', '1', '0', '-3', '-2', '-1']",5,P04608,MEPVDPRLEPWKHPGSQPKTACTNCYCKKCCFHCQVCFITKALGISYGRKKRRQRRRAHQNSQTHQASLSKQPTSQPRGDPTGPKE,49.0,False,True,49.0,37,True
DP00949,F:\DATA_F\PDB_1009\DP00949-summary,ILFKDNEKSCQNKESNKDDTKEAKESKENKEVSSPDDLELELENLEINDD,['BB'],"['3', '2', '1', '0', '-3', '-2', '-1']",5,Q9HAU5,MPAERKKPASMEEKDSLPNNKEKDCSERRTVSSKERPKDDIKLTAKKEVSKAPEDKKKRLEDDKRKKEDKERKKKDEEKVKAEEESKKKEEEEKKKHQEEERKKQEEQAKRQQEEEAAAQMKEKEESIQLHQEAWERHHLRKELRSKNQNAPDSRPEENFFSRLDSSLKKNTAFVKKLKTITEQQRDSLSHDFNGLNLSKYIAEAVASIVEAKLKISDVNCAVHLCSLFHQRYADFAPSLLQVWKKHFEARKEEKTPNITKLRTDLRFIAELTIVGIFTDKEGLSLIYEQLKNIINADRESHTHVSVVISFCRHCGDDIAGLVPRKVKSAAEKFNLSFPPSEIISPEKQQPFQNLLKEYFTSLTKHLKRDHRELQNTERQNRRILHSKGELSEDRHKQYEEFAMSYQKLLANSQSLADLLDENMPDLPQDKPTPEEHGPGIDIFTPGKPGEYDLEGGIWEDEDARNFYENLIDLKAFVPAILFKDNEKSCQNKESNKDDTKEAKESKENKEVSSPDDLELELENLEINDDTLELEGGDEAEDLTKKLLDEQEQEDEEASTGSHLKLIVDAFLQQLPNCVNRDLIDKAAMDFCMNMNTKANRKKLVRALFIVPRQRLDLLPFYARLVATLHPCMSDVAEDLCSMLRGDFRFHVRKKDQINIETKNKTVRFIGELTKFKMFTKNDTLHCLKMLLSDFSHHHIEMACTLLETCGRFLFRSPESHLRTSVLLEQMMRKKQAMHLDARYVTMVENAYYYCNPPPAEKTVKKKRPPLQEYVRKLLYKDLSKVTTEKVLRQMRKLPWQDQEVKDYVICCMINIWNVKYNSIHCVANLLAGLVLYQEDVGIHVVDGVLEDIRLGMEVNQPKFNQRRISSAKFLGELYNYRMVESAVIFRTLYSFTSFGVNPDGSPSSLDPPEHLFRIRLVCTILDTCGQYFDRGSSKRKLDCFLVYFQRYVWWKKSLEVWTKDHPFPIDIDYMISDTLELLRPKIKLCNSLEESIRQVQDLEREFLIKLGLVNDKDSKDSMTEGENLEEDEEEEEGGAETEEQSGNESEVNEPEEEEGSDNDDDEGEEEEEENTDYLTDSNKENETDEENTEVMIKGGGLKHVPCVEDEDFIQALDKMMLENLQQRSGESVKVHQLDVAIPLHLKSQLRKGPPLGGGEGEAESADTMPFVMLTRKGNKQQFKILNVPMSSQLAANHWNQQQAEQEERMRMKKLTLDINERQEQEDYQEMLQSLAQRPAPANTNRERRPRYQHPKGAPNADLIFKTGGRRR,480.0,False,False,1222.0,50,False
DP00958,F:\DATA_F\PDB_1009\DP00958-summary,KLPVAQYSAPDGVEKSFAPI,['BB'],"['-1', '-2', '-3', '0', '1', '2', '3']",5,P46984,MKLPVAQYSAPDGVEKSFAPIRDDPRYMTTEGRTTGPSDHVLNAGQIDRDKPSEPERTKDGSQLTYLGQLRTQLTGLQDDINEFLTGRMELAKNKKKAGADEKRIQEEINQLLDGGDGDEDAV,1.0,True,False,103.0,20,True
DP00974,F:\DATA_F\PDB_1009\DP00974-summary,QNSARIRQNTREHPSTANTVDRTNHQLENLEAETAPLP,['BB'],"['3', '2', '1', '0', '-3', '-2', '-1']",5,P42866,MDSSAGPGNISDCSDPLAPASCSPAPGSWLNLSHVDGNQSDPCGPNRTGLGGSHSLCPQTGSPSMVTAITIMALYSIVCVVGLFGNFLVMYVIVRYTKMKTATNIYIFNLALADALATSTLPFQSVNYLMGTWPFGNILCKIVISIDYYNMFTSIFTLCTMSVDRYIAVCHPVKALDFRTPRNAKIVNVCNWILSSAIGLPVMFMATTKYRQGSIDCTLTFSHPTWYWENLLKICVFIFAFIMPVLIITVCYGLMILRLKSVRMLSGSKEKDRNLRRITRMVLVVVAVFIVCWTPIHIYVIIKALITIPETTFQTVSWHFCIALGYTNSCLNPVLYAFLDENFKRCFREFCIPTSSTIEQQNSARIRQNTREHPSTANTVDRTNHQLENLEAETAPLP,360.0,False,True,360.0,38,True
DP01023,F:\DATA_F\PDB_1009\DP01023-summary,MPRGFLVKRSKKSTPVSYRV,['BB'],"['3', '2', '1', '0', '-3', '-2', '-1']",5,Q01101,MPRGFLVKRSKKSTPVSYRVRGGEDGDRALLLSPSCGGARAEPPAPSPVPGPLPPPPPAERAHAALAAALACAPGPQPPPQGPRAAHFGNPEAAHPAPLYSPTRPVSREHEKHKYFERSFNLGSPVSAESFPTPAALLGGGGGGGASGAGGGGTCGGDPLLFAPAELKMGTAFSAGAEAARGPGPGPPLPPAAALRPPGKRPPPPTAAEPPAKAVKAPGAKKPKAIRKLHFEDEVTTSPVLGLKIKEGPVEAPRGRAGGAARPLGEFICQLCKEEYADPFALAQHKCSRIVRVEYRCPECAKVFSCPANLASHRRWHKPRPAPAAARAPEPEAAARAEAREAPGGGSDRDTPSPGGVSESGSEDGLYECHHCAKKFRRQAYLRKHLLAHHQALQAKGAPLAPPAEDLLALYPGPDEKAPQEAAGDGEGAGVLGLSASAECHLCPVCGESFASKGAQERHLRLLHAAQVFPCKYCPATFYSSPGLTRHINKCHPSENRQVILLQVPVRPAC,0.0,True,False,490.0,20,True
DP01082,F:\DATA_F\PDB_1009\DP01082-summary,NKTDTIAPTVQSVVSLSPTTIQVVYSESINNKEALDLSNYKIINSSN,['BB'],"['-1', '-2', '-3', '0', '1', '2', '3']",5,Q7X2A1,MKKIFCISIFLSMFFQSCMSWPLLTSLAGLAAGKRGGDSSFFHLLLGNSNPTITRIELSYQDSSIANGTSTALEVTAIFDNGTNQNITDSTYIVPDSQSVVTIQGNRVRGITSGSSIIKAEYNGLYSEQKITVTPAILNSIQVTSLESGILPKGTNRQLSAIGIFSDGSHQDISNDPLIVWSSSNPDLVQVDDSGLASGINLGTAHIRASFQSKQGAEEMTVGDAVLSQIQVTSNNLNIPLGKKQKLTATGIYSDNSNRDISSSVIWNSSNSTIANIQNNGILETADTGIVTVSASTENIIGSVKLIVTPAALVSISVSPTNSTVAKGLQENFKATGIFTDNSNSDITDQVTWDSSNTDILSISNASDSHGLASTLNQGNVKVTASIGGIQGSTDFKVTQEVLTSIEVSPTRTSIAKGLTQKFTAIGIFTDNSKKDITDQVTWNSSSAIVSVSNLDDNKGLGKAHAVGDTTITATLGKVAGKTWLTVVPAVLTSIQINPVNPSLAKGLTQKFTATGIYSDNSNKDITSAVTWFSSDSSIATISNAQKNQGNAYGAATGTTDIKATFGKVSSPVSTLSVTAAKLVEIQITPAAASKAKGLTERFKATGIFTDNSNSDITNQVTWNSSNTDIAEIKNTSGSKGITNTLTPGSSEISAALGSIKSSKVILKVTPAQLISIAVTPINPSVAKGLIRQFKATGTYTDHSVQDVTALATWSSSNPGKAMVNNVTGSVTTVATGNTNIKATIDSISGSSVLNVTPALLTSIEITPTINSITHGLTKQFKATGIFSDKSTQNLTQLVTWISSDPSKIEIENTSGKKGIATASKLGSSNIKAVYKFVQSSPIPITVTDLKLKSITISPSSSSIAKGLTQQFKAIGTFIDGSEQEITNLVTWYSSKSDVAPINNAANAKGLATALSIGSSNISAIYNSISSNKINFNVSAATLDSIKINPVNNNIAKGLTQQYTALGVYSDSTIQDISDSVTWSSSNSSSISISNSTETKGKATALQIGKSKITATYNSISENIDITVSAATLSSISISPINTNINATVSKQFFAMGTYSDGTKADLTSSVTWSSSNKSQSKVSNASKTKGLVTGIASGNSIITATYGSVSGNTILTVNKTDTIAPTVQSVVSLSPTTIQVVYSESINNKEALDLSNYKIINSSNFIGHCSDNTDFNSNSQTADFSLSSIKGSKNTFTITLSHSQILNKSYTLVVNKQGIHDLSSIPNSLSCPNNSDFIGKEQLKLTSAVCNSLNQVIVSFSKPLYSGKEATKSVECSNPSQCESRYKFAGVSSLGSITSVRILDGKVCGGAPADSSKICLTHSLLQSGGQYTIIAANDLNGDGFDNKSWGAIRDSFDQENLQSSPKDRINFIGCGNSPLNFMDGPIVSDPFGDGSDFGFLVDYNNQIYLGPNVKGNQAARFNYDGTFPESIFFSFTQDINATNRASSRDGGIPVPNYVTIGHTGCTLNSADITTGCGPDNEDGRGVFATGSLDKKSHIFIAGSKPKSFNYLYYSSDTDTNLNFKYISMGKITGLATAGTSSIAVLDDRIHVGFAKKNQNLNAPDFGKITFNTSEHNRCAIVNNCEASDGYRGNRFRIDRMPYFGGGSVDVVNYRSYKSDNSSINWGYYVGIDSLFVFKEKLYAANGGFPNSLHNGSIIHSTSANPSPCEGINRCSSWKDTAPRSNPKWHNSPHNNWFSLELTKYRNLIPADKAFSQFAEFNGRLYVTRTICVTKEDHSGLRQSLQTVKGCTDGSYTNRRPQLWKCDPTLTGDTTTCEAEDWSLVGDNGTGFTNFGDNSNHSMTMMVASGSYLYIGFDNENGIQIWRTNLENPGSSSHNWEPIGIGGLRDVTNRQIYSAISGMNFGVNFVYISVGNKNKPVKIYRQQNQ,1118.0,False,False,1842.0,47,False
DP01128,F:\DATA_F\PDB_1009\DP01128-summary,KPSACRNLFGPVDHEELTRDLEKHCRDMEEASQRKWNFDFQNHKPLEGKYEWQEVEKGSLPEFYYRPPR,['BB'],"['2', '3', '1', '-0.5', '-1', '-2', '0', '0.5', '-3']",5,O43806,MSNVRVSNGSPSLERMDARQAEHPKPSACRNLFGPVDHEELTRDLEKHCRDMEEASQRKWNFDFQNHKPLEGKYEWQEVEKGSLPEFYYRPPRPPKGACKVPAQESQDGSGSRPAAPLIGAPANSEDTHLVDPKTDPSDSQTGLAEQCAGIRKRPATD,24.0,False,False,89.0,69,False
DP01327,F:\DATA_F\PDB_1009\DP01327-summary,QTQQEEEEEDEDHGPDDYDEEDEDEVEEEETNRL,['BB'],"['-3', '-1', '0.5', '0', '-2', '-0.5', '1', '2', '3']",5,Q8IV16,MKALGAVLLALLLFGRPGRGQTQQEEEEEDEDHGPDDYDEEDEDEVEEEETNRLPGGRSRVLLRCYTCKSLPRDERCNLTQNCSHGQTCTTLIAHGNTESGLLTTHSTWCTDSCQPITKTVEGTQVTMTCCQSSLCNVPPWQSSRVQDPTGKGAGGPRGSSETVGAALLLNLLAGLGAMGARRP,20.0,False,False,150.0,34,False
DP01641,F:\DATA_F\PDB_1009\DP01641-summary,GPRSPSYGRSRSRSRSRSRSRSRSNSRSRSYSPRRSRGSPRYSPRHSRSRSRT,['BB'],"['0.5', '1', '-2', '-0.5', '-1', '-3', '2', '3', '0']",5,Q07955,MSGGGVIRGPAGNNDCRIYVGNLPPDIRTKDIEDVFYKYGAIRDIDLKNRRGGPPFAFVEFEDPRDAEDAVYGRDGYDYDGYRLRVEFPRSGRGTGRGGGGGGGGGAPRGRYGPPSRRSENRVVVSGLPPSGSWQDLKDHMREAGDVCYADVYRDGTGVVEFVRKEDMTYAVRKLDNTKFRSHEGETAYIRVKVDGPRSPSYGRSRSRSRSRSRSRSRSNSRSRSYSPRRSRGSPRYSPRHSRSRSRT,195.0,False,True,195.0,53,True
DP02138,F:\DATA_F\PDB_1009\DP02138-summary,KKEEEDDEEDEEDEEEEEEEEDEDEEEDDDD,['BB'],"['-3', '0.5', '-2', '-0.5', '1', '2', '0', '-1', '3']",5,P63159,MGKGDPKKPRGKMSSYAFFVQTCREEHKKKHPDASVNFSEFSKKCSERWKTMSAKEKGKFEDMAKADKARYEREMKTYIPPKGETKKKFKDPNAPKRPPSAFFLFCSEYRPKIKGEHPGLSIGDVAKKLGEMWNNTAADDKQPYEKKAAKLKEKYEKDIAAYRAKGKPDAAKKGVVKAEKSKKKKEEEDDEEDEEDEEEEEEEEDEDEEEDDDDE,183.0,False,True,184.0,31,True
DP02143,F:\DATA_F\PDB_1009\DP02143-summary,MRVKGPSSRRKKKKILKLAKGYRGQRSRSYRRAKEAVMRALYYQYRDRKLRKREFRRLW,['BB'],"['-1', '-2', '-3', '0', '1', '2', '3']",5,O67086,MRVKGPSSRRKKKKILKLAKGYRGQRSRSYRRAKEAVMRALYYQYRDRKLRKREFRRLWIARINAAVRAYGLNYSTFINGLKKAGIELDRKILADMAVRDPQAFEQVVNKVKEALQVQ,0.0,True,False,59.0,59,True
E1A,F:\DATA_F\PDB_1009\E1A-summary,MRHIICHGGVITEEMAASLLDQLIEEVLADNLPPPSHFEP,['BB'],"['-1', '-2', '-3', '0', '1', '2', '3']",5,P03254,MRHIICHGGVITEEMAASLLDQLIEEVLADNLPPPSHFEPPTLHELYDLDVTAPEDPNEEAVSQIFPDSVMLAVQEGIDLLTFPPAPGSPEPPHLSRQPEQPEQRALGPVSMPNLVPEVIDLTCHEAGFPPSDDEDEEGEEFVLDYVEHPGHGCRSCHYHRRNTGDPDIMCSLCYMRTCGMFVYSPVSEPEPEPEPEPEPARPTRRPKLVPAILRRPTSPVSRECNSSTDSCDSGPSNTPPEIHPVVPLCPIKPVAVRVGGRRQAVECIEDLLNESGQPLDLSCKRPRP,0.0,True,False,249.0,40,True
Fibs1NTD,F:\DATA_F\PDB_1009\Fibs1NTD-summary,MKPGFSPRGGGFGGRGGFGDRGGRGGRGGFGGGRGRGGGFRGRGRGGGGGGGGGGGGGRGGGGFHSGGNRGRGRGGKRGNQSGKNVMVEP,['BB'],"['2', '-3', '-0.5', '1', '0.5', '0', '-2', '-1', '3']",5,P22087,MKPGFSPRGGGFGGRGGFGDRGGRGGRGGFGGGRGRGGGFRGRGRGGGGGGGGGGGGGRGGGGFHSGGNRGRGRGGKRGNQSGKNVMVEPHRHEGVFICRGKEDALVTKNLVPGESVYGEKRVSISEGDDKIEYRAWNPFRSKLAAAILGGVDQIHIKPGAKVLYLGAASGTTVSHVSDIVGPDGLVYAVEFSHRSGRDLINLAKKRTNIIPVIEDARHPHKYRMLIAMVDVIFADVAQPDQTRIVALNAHTFLRNGGHFVISIKANCIDSTASAEAVFASEVKKMQQENMKPQEQLTLEPYERDHAVVVGVYRPPPKVKN,0.0,True,False,231.0,90,True
fl,F:\DATA_F\PDB_1009\fl-summary,KVSSKRIPYAPSGEIPKFSLQDPPNKKPKV,['BB'],"['-0.5', '-1', '-2', '-3', '0', '0.5', '1', '2', '3']",5,O60701,MFEIKKICCIGAGYVGGPTCSVIAHMCPEIRVTVVDVNESRINAWNSPTLPIYEPGLKEVVESCRGKNLFFSTNIDDAIKEADLVFISVNTPTKTYGMGKGRAADLKYIEACARRIVQNSNGYKIVTEKSTVPVRAAESIRRIFDANTKPNLNLQVLSNPEFLAEGTAIKDLKNPDRVLIGGDETPEGQRAVQALCAVYEHWVPREKILTTNTWSSELSKLAANAFLAQRISSINSISALCEATGADVEEVATAIGMDQRIGNKFLKASVGFGGSCFQKDVLNLVYLCEALNLPEVARYWQQVIDMNDYQRRRFASRIIDSLFNTVTDKKIAILGFAFKKDTGDTRESSSIYISKYLMDEGAHLHIYDPKVPREQIVVDLSHPGVSEDDQVSRLVTISKDPYEACDGAHAVVICTEWDMFKELDYERIHKKMLKPAFIFDGRRVLDGLHNELQTIGFQIETIGKKVSSKRIPYAPSGEIPKFSLQDPPNKKPKV,464.0,False,True,464.0,30,True
FUS,F:\DATA_F\PDB_1009\FUS-summary,MASNDYTQQATQSYGAYPTQPGQGYSQQSSQPYGQQSYSGYSQSTDTSGYGQSSYSSYGQSQNTGYGTQSTPQGYGSTGGYGSSQSSQSSYGQQSSYPGYGQQPAPSSTSGSYGSSSQSSSYGQPQSGSYSQQPSYGGQQQSYGQQQSYNPPQGYGQQNQYNS,['BB'],"['-1', '-2', '-3', '0', '1', '2', '3']",5,P35637,MASNDYTQQATQSYGAYPTQPGQGYSQQSSQPYGQQSYSGYSQSTDTSGYGQSSYSSYGQSQNTGYGTQSTPQGYGSTGGYGSSQSSQSSYGQQSSYPGYGQQPAPSSTSGSYGSSSQSSSYGQPQSGSYSQQPSYGGQQQSYGQQQSYNPPQGYGQQNQYNSSSGGGGGGGGGGNYGQDQSSMSSGGGSGGGYGNQDQSGGGGSGGYGQQDRGGRGRGGSGGGGGGGGGGYNRSSGGYEPRGRGGGRGGRGGMGGSDRGGFNKFGGPRDQGSRHDSEQDNSDNNTIFVQGLGENVTIESVADYFKQIGIIKTNKKTGQPMINLYTDRETGKLKGEATVSFDDPPSAKAAIDWFDGKEFSGNPIKVSFATRRADFNRGGGNGRGGRGRGGPMGRGGYGGGGSGGGGRGGFPSGGGGGGGQQRAGDWKCPNPTCENMNFSWRNECNQCKAPKPDGPGGGPGGSHMGGNYGDDRRGGRGGYDRGGYRGRGGDRGGFRGGRGGGDRGGFGPGKMDSRGEHRQDRRERPY,0.0,True,False,363.0,163,True
NproteinCTD,F:\DATA_F\PDB_1009\NproteinCTD-summary,PTEPKKDKKKKADETQALPQRQKKQQTVTLLPAADLDDFSKQLQQSMSSADSTQA,['BB'],"['-1', '-2', '-3', '0', '1', '2', '3']",5,P0DTC9,MSDNGPQNQRNAPRITFGGPSDSTGSNQNGERSGARSKQRRPQGLPNNTASWFTALTQHGKEDLKFPRGQGVPINTNSSPDDQIGYYRRATRRIRGGDGKMKDLSPRWYFYYLGTGPEAGLPYGANKDGIIWVATEGALNTPKDHIGTRNPANNAAIVLQLPQGTTLPKGFYAEGSRGGSQASSRSSSRSRNSSRNSTPGSSRGTSPARMAGNGGDAALALLLLDRLNQLESKMSGKGQQQQGQTVTKKSAAEASKKPRQKRTATKAYNVTQAFGRRGPEQTQGNFGDQELIRQGTDYKHWPQIAQFAPSASAFFGMSRIGMEVTPSGTWLTYTGAIKLDDKDPNFKDQVILLNKHIDAYKTFPPTEPKKDKKKKADETQALPQRQKKQQTVTLLPAADLDDFSKQLQQSMSSADSTQA,364.0,False,True,364.0,55,True
NproteinLINK,F:\DATA_F\PDB_1009\NproteinLINK-summary,MSDNGPQNQRNAPRITFGGPSDSTGSNQNGERSGARSKQRRPQGLPNNT,['BB'],"['3', '2', '1', '0.5', '0', '-3', '-2', '-1', '-0.5']",5,P0DTC9,MSDNGPQNQRNAPRITFGGPSDSTGSNQNGERSGARSKQRRPQGLPNNTASWFTALTQHGKEDLKFPRGQGVPINTNSSPDDQIGYYRRATRRIRGGDGKMKDLSPRWYFYYLGTGPEAGLPYGANKDGIIWVATEGALNTPKDHIGTRNPANNAAIVLQLPQGTTLPKGFYAEGSRGGSQASSRSSSRSRNSSRNSTPGSSRGTSPARMAGNGGDAALALLLLDRLNQLESKMSGKGQQQQGQTVTKKSAAEASKKPRQKRTATKAYNVTQAFGRRGPEQTQGNFGDQELIRQGTDYKHWPQIAQFAPSASAFFGMSRIGMEVTPSGTWLTYTGAIKLDDKDPNFKDQVILLNKHIDAYKTFPPTEPKKDKKKKADETQALPQRQKKQQTVTLLPAADLDDFSKQLQQSMSSADSTQA,0.0,True,False,370.0,49,True
NproteinNTD,F:\DATA_F\PDB_1009\NproteinNTD-summary,MSDNGPQNQRNAPRITFGGPSDSTGSNQNGERSGARSKQRRPQGLPNNT,['BB'],"['-0.5', '-1', '-2', '-3', '0', '0.5', '1', '2', '3']",5,P0DTC9,MSDNGPQNQRNAPRITFGGPSDSTGSNQNGERSGARSKQRRPQGLPNNTASWFTALTQHGKEDLKFPRGQGVPINTNSSPDDQIGYYRRATRRIRGGDGKMKDLSPRWYFYYLGTGPEAGLPYGANKDGIIWVATEGALNTPKDHIGTRNPANNAAIVLQLPQGTTLPKGFYAEGSRGGSQASSRSSSRSRNSSRNSTPGSSRGTSPARMAGNGGDAALALLLLDRLNQLESKMSGKGQQQQGQTVTKKSAAEASKKPRQKRTATKAYNVTQAFGRRGPEQTQGNFGDQELIRQGTDYKHWPQIAQFAPSASAFFGMSRIGMEVTPSGTWLTYTGAIKLDDKDPNFKDQVILLNKHIDAYKTFPPTEPKKDKKKKADETQALPQRQKKQQTVTLLPAADLDDFSKQLQQSMSSADSTQA,0.0,True,False,370.0,49,True
P03520,F:\DATA_F\PDB_1009\P03520-summary,DNLTKVREYLKSYSRLDQAVGEIDEIEAQRAEKSNYELFQEDGVEEHTKPSYFQAADDS,['BB'],"['-1', '-2', '-3', '0', '1', '2', '3']",5,P03520,MDNLTKVREYLKSYSRLDQAVGEIDEIEAQRAEKSNYELFQEDGVEEHTKPSYFQAADDSDTESEPEIEDNQGLYAQDPEAEQVEGFIQGPLDDYADEEVDVVFTSDWKPPELESDEHGKTLRLTSPEGLSGEQKSQWLSTIKAVVQSAKYWNLAECTFEASGEGVIMKERQITPDVYKVTPVMNTHPSQSEAVSDVWSLSKTSMTFQPKKASLQPLTISLDELFSSRGEFISVGGDGRMSHKEAILLGLRYKKLYNQARVKYSL,1.0,True,False,206.0,59,True
P15516,F:\DATA_F\PDB_1009\P15516-summary,DSHAKRHHGYKRKFHEKHHSHRGY,['BB'],"['-3', '-1', '-2', '-0.5', '0', '2', '0.5', '1', '3']",5,P15516,MKFFVFALILALMLSMTGADSHAKRHHGYKRKFHEKHHSHRGYRSNYLYDN,19.0,False,False,27.0,24,False
p53,F:\DATA_F\PDB_1009\p53-summary,MEEPQSDPSVEPPLSQETFSDLWKLLPENNVLSPLPSQAMDDLMLSPDDIEQWFTEDPGPD,['BB'],"['-1', '-2', '-3', '0', '1', '2', '3']",5,P04637,MEEPQSDPSVEPPLSQETFSDLWKLLPENNVLSPLPSQAMDDLMLSPDDIEQWFTEDPGPDEAPRMPEAAPPVAPAPAAPTPAAPAPAPSWPLSSSVPSQKTYQGSYGFRLGFLHSGTAKSVTCTYSPALNKMFCQLAKTCPVQLWVDSTPPPGTRVRAMAIYKQSQHMTEVVRRCPHHERCSDSDGLAPPQHLIRVEGNLRVEYLDDRNTFRHSVVVPYEPPEVGSDCTTIHYNYMCNSSCMGGMNRRPILTIITLEDSSGNLLGRNSFEVRVCACPGRDRRTEEENLRKKGEPHHELPPGSTKRALPNNTSSSPQPKKKPLDGEYFTLQIRGRERFEMFRELNEALELKDAQAGKEPGGSRAHSSHLKSKKGQSTSRHKKLMFKTEGPDSD,0.0,True,False,332.0,61,True
Pdomain,F:\DATA_F\PDB_1009\Pdomain-summary,YQQATAAAAAAAAGMPGQFMPPMFYGVMPPRGVPFNGPNPQQMNPMGGMPKNGMPPQFRNGPVYGVPPQGGFPRNANDNNQFYQ,['BB'],"['-1', '-2', '-3', '0', '1', '2', '3']",5,P04147,MADITDKTAEQLENLNIQDDQKQAATGSESQSVENSSASLYVGDLEPSVSEAHLYDIFSPIGSVSSIRVCRDAITKTSLGYAYVNFNDHEAGRKAIEQLNYTPIKGRLCRIMWSQRDPSLRKKGSGNIFIKNLHPDIDNKALYDTFSVFGDILSSKIATDENGKSKGFGFVHFEEEGAAKEAIDALNGMLLNGQEIYVAPHLSRKERDSQLEETKAHYTNLYVKNINSETTDEQFQELFAKFGPIVSASLEKDADGKLKGFGFVNYEKHEDAVKAVEALNDSELNGEKLYVGRAQKKNERMHVLKKQYEAYRLEKMAKYQGVNLFVKNLDDSVDDEKLEEEFAPYGTITSAKVMRTENGKSKGFGFVCFSTPEEATKAITEKNQQIVAGKPLYVAIAQRKDVRRSQLAQQIQARNQMRYQQATAAAAAAAAGMPGQFMPPMFYGVMPPRGVPFNGPNPQQMNPMGGMPKNGMPPQFRNGPVYGVPPQGGFPRNANDNNQFYQQKQRQALGEQLYKKVSAKTSNEEAAGKITGMILDLPPQEVFPLLESDELFEQHYKEASAAYESFKKEQEQQTEQA,418.0,False,False,493.0,84,False
pro,F:\DATA_F\PDB_1009\pro-summary,KVSSKRISYASSGEISKFSLQDSSNKKSKV,['BB'],"['3', '2', '1', '0.5', '0', '-3', '-2', '-1', '-0.5']",5,,,,False,False,,30,False
puma_wildfull,F:\DATA_F\PDB_1009\puma_wildfull-summary,VEEEEWAREIGAQLRRIADDLNAQYERRRQEEQH,['BB'],"['-3', '-2', '-1', '-0.5', '0', '0.5', '1', '2', '3']",5,Q99ML1,MARARQEGSSPEPVEGLARDSPRPFPLGRLMPSAVSCSLCEPGLPAAPAAPALLPAAYLCAPTAPPAVTAALGGPRWPGGHRSRPRGPRPDGPQPSLSPAQQHLESPVPSAPEALAGGPTQAAPGVRVEEEEWAREIGAQLRRMADDLNAQYERRRQEEQHRHRPSPWRVMYNLFMGLLPLPRDPGAPEMEPN,-1.0,False,False,159.0,34,False
Q02199,F:\DATA_F\PDB_1009\Q02199-summary,GCQTSRGLFGNNNTNNINNSSSGMNNASAGLFGSKPCA,['BB'],"['-1', '-2', '-3', '0', '1', '2', '3']",5,Q02199,MFGLNKASSTPAGGLFGQASGASTGNANTGFSFGGTQTGQNTGPSTGGLFGAKPAGSTGGLGASFGQQQQQSQTNAFGGSATTGGGLFGNKPNNTANTGGGLFGANSNSNSGSLFGSNNAQTSRGLFGNNNTNNINNSSSGMNNASAGLFGSKPAGGTSLFGNTSTSSAPAQNQGMFGAKPAGTSLFGNNAGNTTTGGGLFGSKPTGATSLFGSSNNNNNNNNSNNIMSASGGLFGNQQQQLQQQPQMQCALQNLSQLPITPMTRISELPPQIRQEIEQLDQYIQKQVQISHHLKADTIDHDELIDSIPRDVAYLLKSESATSQYLKQDLKKISSFKSLIDEDLLDTQTFSVLLQQLLTPGSKISSNDLDKFFQKKIHLYEKKLEDYCRILSDIETAVNGIDTDLFGAPNNPNSTAITADLGSSEAENLLQLKTGLAAIVSTVIEEFTLFMDIAERIAVLHQKTKTLASLSI,-1.0,False,False,434.0,38,False
Q03281,F:\DATA_F\PDB_1009\Q03281-summary,ACETNKRKREQISTDNEAKMQIQEEKSPKKKRKKRSSKANKPPECA,['BB'],"['-1', '-2', '-3', '0', '1', '2', '3']",5,Q03281,MDHRNLDPKTLKVSQLRRVLVENDVAFPANARKPVLVKLFEEKVRQRLQSSPEASKVRTSIQKVVKSGAKNADRKKTLKSKKLESSSSESKTVKDENVETNKRKREQISTDNEAKMQIQEEKSPKKKRKKRSSKANKPPESPPQSKSDGKATSADLTSELETVEELHKKDSSDDKPRVKELPKPELPNLKVSNEFLAQLNKELASAATENYDHSIKSTDLSSIRIETEEPVGPSTGAETRNESEVMENINLEVQPEVKEAKEELTKISETFDNQDEEDTSRLSSKKNIRSPKGRTRHFIANKTKRGIDIMKPFIAHLFIWLWNGAIFLSIICPILFGLWYREQRIQVGYCGHEKPLKSLAISAFPQTERVDSVLQAYRPNCLECPEHGICSSFMNVECEPGYEPKSSILETYGIIPFPKYCAKDESKEKEVDELVWKVNEYLKKKNAQHECGEGENLFESGETETKLYDIFSHSRPSWESQREFNDHWKNVLEILKKKDDIIWLPLDFETNGKREKSKSNNTNYIYRSTSKKWVTLQCHLEGDIQEYITKYGGSLFITLGVLFLIKKIQSTLDNYVQGEQIIEKLVKEAIDKLKDVKKNKGEEPFLTTVQLRATLLSDIPNIKEQNNLWAQTKEKIMKEQSENIELYLLEENGEIMTCWEWKE,-1.0,False,False,617.0,46,False
Q16236_tail,F:\DATA_F\PDB_1009\Q16236_tail-summary,EDGKPYSPSEYSLQQTRDGNVFLVPKSKKPDVKKN,['BB'],"['-1', '-2', '-3', '0', '1', '2', '3']",5,Q16236,MMDLELPPPGLPSQQDMDLIDILWRQDIDLGVSREVFDFSQRRKEYELEKQKKLEKERQEQLQKEQEKAFFAQLQLDEETGEFLPIQPAQHIQSETSGSANYSQVAHIPKSDALYFDDCMQLLAQTFPFVDDNEVSSATFQSLVPDIPGHIESPVFIATNQAQSPETSVAQVAPVDLDGMQQDIEQVWEELLSIPELQCLNIENDKLVETTMVPSPEAKLTEVDNYHFYSSIPSMEKEVGNCSPHFLNAFEDSFSSILSTEDPNQLTVNSLNSDATVNTDFGDEFYSAFIAEPSISNSMPSPATLSHSLSELLNGPIDVSDLSLCKAFNQNHPESTAEFNDSDSGISLNTSPSVASPEHSVESSSYGDTLLGLSDSEVEELDSAPGSVKQNGPKTPVHSSGDMVQPLSPSQGQSTHVHDAQCENTPEKELPVSPGHRKTPFTKDKHSSRLEAHLTRDELRAKALHIPFPVEKIINLPVVDFNEMMSKEQFNEAQLALIRDIRRRGKNKVAAQNCRKRKLENIVELEQDLDHLKDEKEKLLKEKGENDKSLHLLKKQLSTLYLEVFSMLRDEDGKPYSPSEYSLQQTRDGNVFLVPKSKKPDVKKN,570.0,False,True,570.0,35,True
Q8B9Q8,F:\DATA_F\PDB_1009\Q8B9Q8-summary,MSFPEGKDILFMGNEAAKLAEAFQKSLRKPSHKRSQSIIGEKVNTVSETLELPTISRPTKP,['BB'],"['-1', '-2', '-3', '0', '1', '2', '3']",5,Q8B9Q8,MSFPEGKDILFMGNEAAKLAEAFQKSLRKPSHKRSQSIIGEKVNTVSETLELPTISRPTKPTILSEPKLAWTDKGGAIKTEAKQTIKVMDPIEEEEFTEKRVLPSSDGKTPAEKKLKPSTNTKKKVSFTPNEPGKYTKLEKDALDLLSDNEEEDAESSILTFEERDTSSLSIEARLESIEEKLSMILGLLRTLNIATAGPTAARDGIRDAMIGIREELIADIIKEAKGKAAEMMEEEMNQRTKIGNGSVKLTEKAKELNKIVEDESTSGESEEEEELKDTQENNQEDDIYQLIM,0.0,True,False,233.0,61,True
r1,F:\DATA_F\PDB_1009\r1-summary,KPSKSPKSISPKPALDPGFPYVNREQKVKI,['BB'],"['3', '2', '1', '0.5', '0', '-3', '-2', '-1', '-0.5']",5,,,,False,False,,30,False
r2,F:\DATA_F\PDB_1009\r2-summary,DKKPYVFLSPNPKSPIKVQKKPSEAGRPIS,['BB'],"['3', '2', '1', '0.5', '0', '-3', '-2', '-1', '-0.5']",5,,,,False,False,,30,False
SurviCV1,F:\DATA_F\PDB_1009\SurviCV1-summary,RSKGRDFVHSVQETHSQLLGSWDPWEEPEDAAPVAPSVPASGYPELPTPRREVQSESAQEPGARDVEAQLRRLQEERT,['BB'],"['-2', '1', '0.5', '-1', '3', '-0.5', '-3', '0', '2']",5,Q96CA5,MGPKDSAKCLHRGPQPSHWAAGDGPTQERCGPRSLGSPVLGLDTCRAWDHVDGQILGQLRPLTEEEEEEGAGATLSRGPAFPGMGSEELRLASFYDWPLTAEVPPELLAAAGFFHTGHQDKVRCFFCYGGLQSWKRGDDPWTEHAKWFPSCQFLLRSKGRDFVHSVQETHSQLLGSWDPWEEPEDAAPVAPSVPASGYPELPTPRREVQSESAQEPGGVSPAEAQRAWWVLEPPGARDVEAQLRRLQEERTCKVCLDRAVSIVFVPCGHLVCAECAPGLQLCPICRAPVRSRVRTFLS,-1.0,False,False,220.0,78,False
SurviCV2,F:\DATA_F\PDB_1009\SurviCV2-summary,RSKGRDFVHSVQETHSQLLGSWDPWEEPEDAAPVAPSVPASGYPELPTPRREVQSESAQEPGGVSPAEAQRAWWVLEPPGARDVEAQLRRLQEERT,['BB'],"['1', '2', '0.5', '0', '-1', '-0.5', '-3', '3', '-2']",5,Q96CA5,MGPKDSAKCLHRGPQPSHWAAGDGPTQERCGPRSLGSPVLGLDTCRAWDHVDGQILGQLRPLTEEEEEEGAGATLSRGPAFPGMGSEELRLASFYDWPLTAEVPPELLAAAGFFHTGHQDKVRCFFCYGGLQSWKRGDDPWTEHAKWFPSCQFLLRSKGRDFVHSVQETHSQLLGSWDPWEEPEDAAPVAPSVPASGYPELPTPRREVQSESAQEPGGVSPAEAQRAWWVLEPPGARDVEAQLRRLQEERTCKVCLDRAVSIVFVPCGHLVCAECAPGLQLCPICRAPVRSRVRTFLS,155.0,False,False,202.0,96,False
SurviNTD,F:\DATA_F\PDB_1009\SurviNTD-summary,MGPKDSAKCLHRGPQPSHWAAGDGPTQERCGPRSLGSPVLGLDTCRAWDHVDGQILGQLRPLTEEEEEEGAGATLSRGPAFPGMGSEEL,['BB'],"['-0.5', '-1', '-2', '2', '0', '-3', '0.5', '3', '1']",5,Q96CA5,MGPKDSAKCLHRGPQPSHWAAGDGPTQERCGPRSLGSPVLGLDTCRAWDHVDGQILGQLRPLTEEEEEEGAGATLSRGPAFPGMGSEELRLASFYDWPLTAEVPPELLAAAGFFHTGHQDKVRCFFCYGGLQSWKRGDDPWTEHAKWFPSCQFLLRSKGRDFVHSVQETHSQLLGSWDPWEEPEDAAPVAPSVPASGYPELPTPRREVQSESAQEPGGVSPAEAQRAWWVLEPPGARDVEAQLRRLQEERTCKVCLDRAVSIVFVPCGHLVCAECAPGLQLCPICRAPVRSRVRTFLS,0.0,True,False,209.0,89,True
